,avg_err,max_err,min_err,method,tot_time,avg_time,cnt,num_species,num_parameters,num_reactions,status,biomodel_num,noise_mag
1,0.610125423414287,0.998179316908026,0.124619606361885,differential_evolution,0.337445020675659,0.000310437001542,1087,12,35,17,Success!,1,0.1
3,0.378289144089683,0.999170275543753,0.057282605401671,differential_evolution,0.086204290390015,0.000269388407469,320,3,5,7,Success!,3,0.1
4,0.28350252140979,0.499808602442758,0.159285400406831,differential_evolution,0.109567880630493,0.00030018597433,365,5,5,7,Success!,4,0.1
7,0.36986005373611,0.989438285548252,0.009756376653932,differential_evolution,6.20715236663818,0.000620653171347,10001,17,49,25,Success!,7,0.1
8,0.012210885970538,0.024717631742931,0.000368217722796,differential_evolution,0.325934410095215,0.00023364473842,1395,5,5,13,Success!,8,0.1
9,0.996378790455786,0.996378790455786,0.996378790455786,differential_evolution,0.013002872467041,0.000394026438395,33,26,1,20,Success!,9,0.1
12,0.088137712473821,0.299721481794534,0.004862551974726,differential_evolution,3.51070618629456,0.000351035515078,10001,6,16,12,Success!,12,0.1
13,0.000438007352255,0.000438007352255,0.000438007352255,differential_evolution,0.357850790023804,0.001118283718824,320,18,1,21,Success!,13,0.1
18,0.000167735010562,0.000167735010562,0.000167735010562,differential_evolution,0.097712516784668,0.000533948179151,183,20,1,47,Success!,18,0.1
19,0.397911780606336,0.957162260757646,0.022846062024607,differential_evolution,72.2203013896942,0.016335738835036,4421,93,90,125,Success!,19,0.1
21,0.002613416077714,0.002958195626196,0.002268636529232,differential_evolution,0.221454858779907,0.000374079153344,592,10,4,24,Success!,21,0.1
25,0.512169389324558,0.999934103732367,0.119633901230484,differential_evolution,0.043748378753662,0.000174993515015,250,3,10,4,Success!,25,0.1
26,0.239760835059325,0.997120890462412,0.000207188227244,differential_evolution,3.98543095588684,0.000398503245264,10001,11,16,10,Success!,26,0.1
27,0.232434898812089,0.824831834778239,0.000644171584653,differential_evolution,2.26167631149292,0.000226145016648,10001,5,9,4,Success!,27,0.1
28,0.349956860837807,0.999999236946364,0.000330749166372,differential_evolution,5.8271963596344,0.000582661369826,10001,16,27,17,Success!,28,0.1
29,0.456987066973152,0.999999607322043,0.001392554571327,differential_evolution,2.45488548278809,0.000245464001879,10001,6,15,7,Success!,29,0.1
30,0.513938640544849,0.999999269884375,0.000741027345705,differential_evolution,6.15878534317017,0.000615816952622,10001,18,32,20,Success!,30,0.1
31,0.147674264023433,0.3432648893843,0.011654354569722,differential_evolution,2.41274452209473,0.000241250327177,10001,6,9,4,Success!,31,0.1
33,0.480195525261506,0.987059037394165,0.001152614409142,differential_evolution,17.6747884750366,0.001767302117292,10001,32,48,26,Success!,33,0.1
34,0.367456207196742,0.971489909498288,0.00128312776438,differential_evolution,7.87797975540161,0.00078771920362,10001,9,45,22,Success!,34,0.1
36,0.093466353150584,0.093466353150584,0.093466353150584,differential_evolution,0.006674289703369,0.000202251203132,33,2,1,5,Success!,36,0.1
40,0.696976903720442,0.696976903720442,0.696976903720442,differential_evolution,0.009038925170898,0.000273906823361,33,3,1,5,Success!,40,0.1
42,0.311679252203327,0.999594868743364,0.00155634271403,differential_evolution,5.33277273178101,0.000533223950783,10001,15,25,25,Success!,42,0.1
43,0.01889326959285,0.028350701721177,7.62226391347598E-05,differential_evolution,2.32164978981018,0.001126467632125,2061,5,3,7,Success!,43,0.1
44,0.147053177893086,0.147053177893086,0.147053177893086,differential_evolution,0.202847242355347,0.000845196843147,240,4,1,8,Success!,44,0.1
45,0.000557062920241,0.000557062920241,0.000557062920241,differential_evolution,0.065778732299805,0.000401089831096,164,4,1,8,Success!,45,0.1
47,0.558564791726268,0.99257663460373,0.146827147090383,differential_evolution,2.53872871398926,0.00025384748665,10001,2,13,3,Success!,47,0.1
55,0.329593634088277,0.99999777569594,0.004677201431101,differential_evolution,7.42373657226563,0.000742299427284,10001,13,65,32,Success!,55,0.1
56,0.394585076006519,0.999999621265422,0.000732220606266,differential_evolution,20.2864623069763,0.002028443386359,10001,50,163,94,Success!,56,0.1
57,0.456206246540825,0.900892810394354,0.009009683123003,differential_evolution,3.81532549858093,0.000381494400418,10001,6,27,5,Success!,57,0.1
58,0.377038476503033,0.789484101642752,0.009201948841835,differential_evolution,2.77134299278259,0.000277106588619,10001,4,16,11,Success!,58,0.1
59,0.478649531314905,0.999976869946524,0.011615120259561,differential_evolution,0.930031061172485,0.000516683922874,1800,6,97,18,Success!,59,0.1
62,0.476866334207979,0.99961901035279,0.119090978607936,differential_evolution,1.9509003162384,0.000247701919279,7876,3,8,5,Success!,62,0.1
63,0.526987256601663,0.939887548541708,0.00018015591822,differential_evolution,0.07151198387146,0.000567555427551,126,5,6,8,Success!,63,0.1
64,0.183892517710593,0.662501357811201,0.009180972323611,differential_evolution,30.0928642749786,0.003008985528945,10001,19,15,17,Success!,64,0.1
65,0.386092372722212,0.999999986317068,0.007777338233368,differential_evolution,3.41131258010864,0.000341097148296,10001,8,23,16,Success!,65,0.1
67,0.458142979064602,0.999490966479095,0.013291082597082,differential_evolution,6.20458674430847,0.000620396634767,10001,7,21,13,Success!,67,0.1
69,0.509147669064599,0.999999471671573,0.004471974260228,differential_evolution,2.98134160041809,0.000298104349607,10001,10,20,7,Success!,69,0.1
75,0.333413893345884,0.993474893511877,0.001766778710518,differential_evolution,0.899916172027588,0.000428327544992,2101,10,24,8,Success!,75,0.1
77,0.003445209820892,0.004374772454837,0.002515647186947,differential_evolution,0.027755498886108,0.000338481693733,82,8,2,5,Success!,77,0.1
81,0.355626859971339,0.999984779126691,0.005702287497728,differential_evolution,0.50293493270874,0.000717453541667,701,21,12,15,Success!,81,0.1
83,0.472900303877474,0.999999999703579,0.015582535325997,differential_evolution,7.66709136962891,0.000766632473716,10001,19,63,57,Success!,83,0.1
87,0.001380367752242,0.001380367752242,0.001380367752242,differential_evolution,0.245188236236572,0.000992664924035,247,54,1,43,Success!,87,0.1
91,0.412595492952231,0.970293201847166,0.001615276633825,differential_evolution,5.91523599624634,0.000667182043339,8866,15,21,23,Success!,91,0.1
95,0.357502816918047,0.999977585854506,0.002085843659,differential_evolution,9.53919363021851,0.000953823980624,10001,19,91,46,Success!,95,0.1
98,0.448606587411169,0.99998963658378,0.062315004000757,differential_evolution,4.01027297973633,0.000400987199254,10001,2,13,6,Success!,98,0.1
99,0.022712168638119,0.081098843447008,0.001407881581275,differential_evolution,3.01604557037354,0.000301574399597,10001,7,14,14,Success!,99,0.1
100,0.481659479549582,0.953567843275196,0.117322102118523,differential_evolution,8.51694464683533,0.000851609303753,10001,4,30,10,Success!,100,0.1
101,0.253534458224213,0.999902852927517,0.003222008193137,differential_evolution,1.92367243766785,0.000246751210578,7796,6,9,13,Success!,101,0.1
102,0.524831898157213,0.999999999678032,0.002495139848235,differential_evolution,4.15561389923096,0.000415519837939,10001,13,41,28,Success!,102,0.1
103,0.610405987404493,0.999999999104251,0.005202296357683,differential_evolution,4.95336246490479,0.000495286717819,10001,17,49,42,Success!,103,0.1
105,0.461440802256033,0.999999999999998,0.000721575730685,differential_evolution,2.95165300369263,0.000678384969821,4351,35,17,94,Success!,105,0.1
106,0.519867915920786,0.99766608157871,0.003396715438321,differential_evolution,15.0121948719025,0.001501069380252,10001,25,54,32,Success!,106,0.1
107,0.364615808147642,0.81296566610835,0.002602945209089,differential_evolution,3.83839583396912,0.000383801203277,10001,9,36,23,Success!,107,0.1
108,0.442959652971616,0.997902913588045,0.014024342486268,differential_evolution,2.81976652145386,0.0002819484573,10001,9,18,17,Success!,108,0.1
109,0.349543240336123,0.999999905573872,0.005817991971749,differential_evolution,15.9781672954559,0.001597656963849,10001,57,61,138,Success!,109,0.1
110,0.359906151351749,0.994914348346593,0.001763023332524,differential_evolution,5.64719748497009,0.000564663282169,10001,15,30,22,Success!,110,0.1
111,0.388056585969441,0.993472650804695,0.002840870636784,differential_evolution,16.0026037693024,0.001600100366894,10001,10,53,19,Success!,111,0.1
113,0.269909356151429,0.914237103883229,0.017507307876777,differential_evolution,5.12567090988159,0.000512515839404,10001,4,19,7,Success!,113,0.1
114,0.378923407024221,0.960093430059911,0.003393413091755,differential_evolution,1.01572585105896,0.000208311290209,4876,2,8,4,Success!,114,0.1
115,0.105305917371413,0.564024298878959,0.011951775430796,differential_evolution,2.46063089370728,0.000246038485522,10001,2,8,5,Success!,115,0.1
116,0.296961459044557,0.754675224047651,0.011932626735215,differential_evolution,3.01402235031128,0.000301372097821,10001,6,20,10,Success!,116,0.1
117,0.410618987228015,0.999987440600364,0.005094491215661,differential_evolution,5.15942597389221,0.000515891008288,10001,2,15,6,Success!,117,0.1
120,0.441941408237228,0.95998223464078,0.051283949153713,differential_evolution,0.707777976989746,0.000209030707912,3386,5,11,10,Success!,120,0.1
121,0.272383841294595,0.8357138113722,0.001100706775226,differential_evolution,2.98164582252502,0.000298134768776,10001,6,19,5,Success!,121,0.1
122,0.511192303791131,0.998947704885389,0.168583156704441,differential_evolution,0.215546369552612,0.00030146345392,715,12,23,17,Success!,122,0.1
123,0.529345012812876,0.985702600732122,0.144325376986152,differential_evolution,0.206889152526855,0.000302469521238,684,14,22,17,Success!,123,0.1
124,0.349893240668036,0.999999999995009,0.001695507984305,differential_evolution,3.10204195976257,0.000310173178658,10001,2,57,2,Success!,124,0.1
125,0.00178320413908,0.004325587594089,0.000413161650376,differential_evolution,2.72914695739746,0.000272887406999,10001,5,7,7,Success!,125,0.1
126,0.400806351404014,0.976836165104816,1.4717028087811E-05,differential_evolution,1.10186243057251,0.000435518747262,2530,9,24,11,Success!,126,0.1
128,0.426673633651581,0.999650995763957,1.2346982875E-05,differential_evolution,3.21886944770813,0.000321854759295,10001,3,50,3,Success!,128,0.1
137,0.315435400836466,0.945147668894485,0.003078631563389,differential_evolution,7.77187085151672,0.000777109374214,10001,21,40,20,Success!,137,0.1
138,0.382856219597232,0.999348207954252,0.036641021874178,differential_evolution,2.3518180847168,0.000235158292642,10001,1,40,1,Success!,138,0.1
139,0.31385869315313,0.999999970426054,0.00016081768797,differential_evolution,7.14564538002014,0.000714493088693,10001,24,45,45,Success!,139,0.1
140,0.3863662001659,0.999999139176659,0.001342349491372,differential_evolution,7.27972793579102,0.000727900003579,10001,24,45,45,Success!,140,0.1
143,0.645833333333333,1,0.5,differential_evolution,2.3288300037384,0.000905807080412,2571,20,24,20,Success!,143,0.1
144,0.407704119030977,0.999753627707699,0.005543356221878,differential_evolution,6.16460466384888,0.000616398826502,10001,17,46,54,Success!,144,0.1
145,0.395453552528402,0.999999991842038,0.000628902097252,differential_evolution,3.93751835823059,0.000393712464577,10001,7,32,11,Success!,145,0.1
146,0.498086909490412,0.999954145262218,0.003538747353367,differential_evolution,20.0478918552399,0.002004588726651,10001,36,75,34,Success!,146,0.1
148,0.312061416783857,0.99761989622806,0.008311838898804,differential_evolution,4.64915275573731,0.000464868788695,10001,7,13,6,Success!,148,0.1
149,0.466434551619098,0.992846368480199,0.002094340520948,differential_evolution,11.8158752918243,0.001181469382244,10001,28,59,33,Success!,149,0.1
150,0.131288482625278,0.131288482625278,0.131288482625278,differential_evolution,0.007384538650513,0.0002237738985,33,4,2,2,Success!,150,0.1
151,0.461242159002339,0.99993801363426,0.000644280877403,differential_evolution,18.220609664917,0.001821878778614,10001,66,105,72,Success!,151,0.1
152,0.666923690033221,0.949941178308663,0.356787041964612,differential_evolution,0.190143585205078,0.000868235548882,219,63,7,120,Success!,152,0.1
153,0.490473885525225,0.728874945233201,0.22792043933079,differential_evolution,0.227353811264038,0.001038145256913,219,74,7,152,Success!,153,0.1
154,0.1376887882661,0.303774379580142,0.005155198151299,differential_evolution,2.13976001739502,0.000213954606279,10001,2,7,5,Success!,154,0.1
155,0.320301987341896,0.88589265253763,0.001019199398348,differential_evolution,2.60570240020752,0.000260544185602,10001,2,10,4,Success!,155,0.1
156,0.340547834904625,0.80095500168309,0.008864734236557,differential_evolution,2.16306614875793,0.000216284986377,10001,3,7,5,Success!,156,0.1
157,0.404195162182419,0.998611043814625,0.000555070501267,differential_evolution,3.12335777282715,0.000326916241661,9554,3,8,6,Success!,157,0.1
159,0.331470151181723,0.838179301669602,0.011846756312181,differential_evolution,1.43584513664246,0.000202888955298,7077,3,7,6,Success!,159,0.1
160,0.344685575905092,0.988811902597102,0.012768510241117,differential_evolution,9.56727242469788,0.000956631579312,10001,24,47,41,Success!,160,0.1
161,0.475178612724895,0.885212670141748,0.067204948662728,differential_evolution,0.624372243881226,0.001384417392198,451,43,26,43,Success!,161,0.1
162,0.411025358787741,0.974321609811326,0.021993406590473,differential_evolution,26.1341164112091,0.002613150326088,10001,24,28,45,Success!,162,0.1
163,0.548143722088624,1,0.111927771035153,differential_evolution,0.35815954208374,0.00059892900014,598,16,20,26,Success!,163,0.1
164,0.504253925803486,0.99993108125186,0.018376455634071,differential_evolution,0.273536920547485,0.000770526536753,355,26,12,29,Success!,164,0.1
165,0.432733322789455,0.988778495915082,0.015715499500362,differential_evolution,0.383899450302124,0.00118854318979,323,36,20,30,Success!,165,0.1
166,0.135513069094707,0.415259305209185,0.0127548568484,differential_evolution,8.95929670333862,0.001337208463185,6700,3,7,9,Success!,166,0.1
168,0.248937768974915,0.904404928041017,7.45647643718428E-06,differential_evolution,2.79776930809021,0.000279748955913,10001,7,21,10,Success!,168,0.1
169,0.319675890738772,0.996751755349348,0.009743036645686,differential_evolution,4.65260148048401,0.000465213626686,10001,11,32,27,Success!,169,0.1
170,0.226654617176645,0.999993218980802,0.002698312350958,differential_evolution,3.64265561103821,0.00036422913819,10001,7,27,17,Success!,170,0.1
171,0.244822554474582,0.407460654689909,0.01703158552825,differential_evolution,1.02169132232666,0.000413138423909,2473,10,6,26,Success!,171,0.1
173,0.519418535745036,0.963517718934119,0.147149323722801,differential_evolution,0.127853393554688,0.000409786517803,312,23,17,26,Success!,173,0.1
175,0.450599956013954,0.999878032156455,0.000105651541908,differential_evolution,133.925712585449,0.013391232135331,10001,118,240,102,Success!,175,0.1
179,0.125865945738267,0.796385733479563,0.000630643033394,differential_evolution,3.07793283462524,0.000307762507212,10001,7,18,17,Success!,179,0.1
180,0.122716879734255,0.947344482063621,0.000279702424554,differential_evolution,3.56344556808472,0.000356308925916,10001,8,20,20,Success!,180,0.1
181,0.292495748630084,0.99999977688883,0.038495516692752,differential_evolution,4.03817677497864,0.000403777299768,10001,6,25,18,Success!,181,0.1
182,0.374295900387329,0.903206354914087,0.002813055950633,differential_evolution,0.373180627822876,0.001162556472968,321,37,28,32,Success!,182,0.1
183,0.515513925570812,0.999726513591424,0.024673981952626,differential_evolution,0.56838059425354,0.001217089066924,467,67,61,352,Success!,183,0.1
184,0.482380782285656,0.999250503438936,0.05460746593337,differential_evolution,3.42586469650269,0.000342552214429,10001,3,14,7,Success!,184,0.1
185,0.137793201276961,0.87756597463886,3.33352891523948E-05,differential_evolution,4.19752287864685,0.000419710316833,10001,8,19,20,Success!,185,0.1
186,0.62601820613805,0.999973017756105,0.00163315144484,differential_evolution,3.22292184829712,0.000322259958834,10001,11,17,9,Success!,186,0.1
187,0.460270608066393,0.999701464801189,0.000850373955574,differential_evolution,3.2064642906189,0.000320614367625,10001,11,17,9,Success!,187,0.1
188,0.402965810224127,0.982000564485186,0.000597457128749,differential_evolution,3.69400143623352,0.000369363207303,10001,18,21,20,Success!,188,0.1
189,0.322414787428481,0.999941118174909,0.001003072496024,differential_evolution,3.45887351036072,0.000345852765759,10001,16,16,14,Success!,189,0.1
190,0.303647891387083,0.981393039438549,0.002210581741501,differential_evolution,4.65911412239075,0.000476977285257,9768,7,17,13,Success!,190,0.1
193,0.556695596394036,0.999484378473289,0.025680251675391,differential_evolution,2.74759936332703,0.000274732463086,10001,8,12,6,Success!,193,0.1
194,0.6098067310622,0.999138474167616,0.292046706254071,differential_evolution,0.463625192642212,0.000213849258599,2168,5,7,3,Success!,194,0.1
195,0.42413330621719,0.99977349518673,0.008320158083746,differential_evolution,6.862056016922,0.000686136987993,10001,11,37,20,Success!,195,0.1
197,0.356908922426639,0.920420191665967,0.031082068371739,differential_evolution,2.60147309303284,0.000260121297174,10001,5,12,10,Success!,197,0.1
198,0.457910219658266,0.969723131391757,0.001881395969792,differential_evolution,5.18991470336914,0.000518939576379,10001,11,16,7,Success!,198,0.1
199,0.069404230337574,0.498096595866764,0.002872445450205,differential_evolution,3.74010682106018,0.000373973284778,10001,9,10,10,Success!,199,0.1
200,0.228940930771662,0.228940930771662,0.228940930771662,differential_evolution,0.018472194671631,0.000559763474898,33,22,2,34,Success!,200,0.1
201,0.444329973868739,0.998843049848473,0.01932325891515,differential_evolution,12.0227267742157,0.001202152462175,10001,22,71,33,Success!,201,0.1
202,0.440924763691659,0.999999966914118,0.047259018288323,differential_evolution,6.4853949546814,0.000648474648003,10001,9,38,15,Success!,202,0.1
203,0.508488500810758,0.99999999999981,0.005530995518403,differential_evolution,3.13390970230103,0.000313359634267,10001,5,32,10,Success!,203,0.1
204,0.485004648382528,0.999999998243921,0.02964750817275,differential_evolution,3.18649458885193,0.000318617597125,10001,5,32,10,Success!,204,0.1
207,0.560187813304965,0.955355849929891,0.070109913100821,differential_evolution,3.37781167030334,0.000337747392291,10001,6,32,6,Success!,207,0.1
208,0.386780372613796,0.999999355384183,0.000712251607052,differential_evolution,3.15415167808533,0.000315383629446,10001,6,18,15,Success!,208,0.1
209,0.4619996230073,0.999964230066512,0.057464739649561,differential_evolution,3.78274416923523,0.000378236593264,10001,8,49,12,Success!,209,0.1
210,0.44543931491967,0.999999999999714,0.008492038124696,differential_evolution,3.6265082359314,0.000362614562137,10001,8,46,12,Success!,210,0.1
211,0.018249619457111,0.04358803881781,0.001889019772681,differential_evolution,10.6939609050751,0.00201014302727,5320,24,5,21,Success!,211,0.1
212,0.069011669841779,0.069011669841779,0.069011669841779,differential_evolution,0.027494192123413,0.000335295025895,82,8,4,18,Success!,212,0.1
213,0.43507148290899,0.996343429097813,0.087194979787394,differential_evolution,4.85344505310059,0.000485295975712,10001,6,38,12,Success!,213,0.1
214,0.308536167932448,0.995582498368082,0.000345353923031,differential_evolution,4.92570328712463,0.000492521076605,10001,16,38,24,Success!,214,0.1
216,0.392544476499403,0.999657977700378,0.012126377076121,differential_evolution,3.17008805274963,0.000316977107564,10001,5,18,17,Success!,216,0.1
217,0.430337921359589,0.999374090548901,0.023193241757553,differential_evolution,18.8454213142395,0.001884353696054,10001,12,98,16,Success!,217,0.1
220,0.494563258115126,0.999935958224462,0.002632851221037,differential_evolution,11.451432466507,0.001145028743776,10001,58,77,42,Success!,220,0.1
223,0.524408218271725,0.999999999999813,0.00012170628387,differential_evolution,31.9214861392975,0.003191829430987,10001,86,162,109,Success!,223,0.1
224,0.344195758959402,0.723954850131305,0.024495661169698,differential_evolution,2.66600823402405,0.000266574165986,10001,4,11,6,Success!,224,0.1
225,0.346980323895118,0.998542843508354,0.003236384374455,differential_evolution,2.76206183433533,0.000276178565577,10001,2,19,3,Success!,225,0.1
226,0.371725688351773,0.976737478995033,0.001722853394472,differential_evolution,2.86803483963013,0.000318741369152,8998,14,31,24,Success!,226,0.1
227,0.49945549280918,0.999767303403404,0.000662812876159,differential_evolution,7.93223452568054,0.000793144138154,10001,45,88,57,Success!,227,0.1
228,0.387229885746561,0.999998901209751,4.76726419376683E-05,differential_evolution,3.2993631362915,0.000329903323297,10001,9,40,22,Success!,228,0.1
229,0.053919411753497,0.177641756003781,0.010836121793203,differential_evolution,2.8725426197052,0.000287225539417,10001,7,14,14,Success!,229,0.1
230,0.410732508526555,0.999999975849299,0.001781270326693,differential_evolution,5.56434631347656,0.000556378993448,10001,24,64,64,Success!,230,0.1
231,0.532069717512103,0.92426270918312,0.011672925588595,differential_evolution,2.33106279373169,0.000233082971076,10001,5,9,4,Success!,231,0.1
232,0.545050168102184,0.861125127753433,0.019411901168683,differential_evolution,3.92109131813049,0.000392069924821,10001,7,22,12,Success!,232,0.1
234,0.483873127059042,0.987505418222707,0.047186988898507,differential_evolution,2.74072265625,0.000274044861139,10001,1,18,0,Success!,234,0.1
235,0.104429389660257,0.677875168821767,0.010899417595482,differential_evolution,1291.15764498711,0.129102854213289,10001,431,66,778,Success!,235,0.1
236,0.539762915923314,0.998779853169598,0.0704623227148,differential_evolution,3.43803906440735,0.000343769529488,10001,3,26,4,Success!,236,0.1
237,0.343252148010102,0.999768809259345,0.012498685160966,differential_evolution,8.26636075973511,0.000826553420631,10001,24,46,31,Success!,237,0.1
239,0.001443484298951,0.001443484298951,0.001443484298951,differential_evolution,0.311111211776733,0.00203340661292,153,59,1,45,Success!,239,0.1
240,0.510329059990352,0.999999655186371,0.000618024560744,differential_evolution,2.69883060455322,0.000269856074848,10001,6,23,14,Success!,240,0.1
241,0.438487753071139,0.936259039999258,0.124756723121804,differential_evolution,2.86712074279785,0.000286683405939,10001,5,19,0,Success!,241,0.1
242,0.36097605894159,0.999999999999282,0.002481303802022,differential_evolution,2.9582622051239,0.000295796640848,10001,6,26,12,Success!,242,0.1
243,0.301040209113723,0.91573215883077,0.001762002807352,differential_evolution,7.13185286521912,0.000937291742045,7609,23,17,23,Success!,243,0.1
245,0.465882450377591,0.999995609358756,0.003539132527963,differential_evolution,3.86260414123535,0.000386221791944,10001,6,42,20,Success!,245,0.1
247,0.018361245432933,0.048117216017379,0.000279236804652,differential_evolution,5.70986890792847,0.003575371889749,1597,24,4,25,Success!,247,0.1
251,0.211943309658109,0.493531237667364,0.003429945972844,differential_evolution,3.19478225708008,0.000360584904862,8860,9,8,9,Success!,251,0.1
253,0.459634765326573,0.895193428130858,0.202318778727194,differential_evolution,2.83819580078125,0.000283791200958,10001,3,15,4,Success!,253,0.1
254,0.427761690525369,0.706128854665479,0.018586826330003,differential_evolution,1.91542530059814,0.000191523377722,10001,4,7,0,Success!,254,0.1
255,0.493833333136749,0.99998898669213,9.75200553436968E-06,differential_evolution,395.646835327148,0.039560727459969,10001,500,238,827,Success!,255,0.1
256,0.449557063664745,0.9999720145716,0.000682380791777,differential_evolution,8.56221222877502,0.000856135609317,10001,27,99,56,Success!,256,0.1
257,0.305826222360951,0.999695677333026,0.021046816614727,differential_evolution,3.71283459663391,0.00037124633503,10001,8,19,11,Success!,257,0.1
258,0.349584392696996,0.711278292424892,0.015187175790284,differential_evolution,2.19502282142639,0.000219480334109,10001,3,9,4,Success!,258,0.1
262,0.476381028003291,0.690315913482974,0.24761781744161,differential_evolution,0.854559183120727,0.000276198831002,3094,9,12,11,Success!,262,0.1
263,0.70797090030911,0.982890275033097,0.191736957962616,differential_evolution,0.549734354019165,0.000260661144627,2109,9,12,11,Success!,263,0.1
264,0.396115217052322,0.999958063656794,0.027002014409493,differential_evolution,2.62851166725159,0.000318916727403,8242,11,16,15,Success!,264,0.1
265,0.356723136925781,0.9129310070161,0.020964354652038,differential_evolution,25.0575129985809,0.002505500749783,10001,23,50,52,Success!,265,0.1
270,0.424564604760336,0.839459216922886,0.079087701275062,differential_evolution,17.9308471679688,0.001792905426254,10001,33,39,42,Success!,270,0.1
271,0.194138110773312,0.5,0.007264857969118,differential_evolution,1.73178029060364,0.000245607756432,7051,6,10,8,Success!,271,0.1
272,0.251278115451652,0.565918656181211,0.000291074173576,differential_evolution,0.990145683288574,0.000229572381936,4313,6,9,8,Success!,272,0.1
273,0.246281180488418,0.999946274305171,0.000468989048177,differential_evolution,11.9997293949127,0.001199852954196,10001,19,99,38,Success!,273,0.1
274,0.67887516716471,0.991869653677898,0.101251395700253,differential_evolution,2.29787540435791,0.000229764563979,10001,3,13,0,Success!,274,0.1
278,0.544943783972051,0.99408904997212,0.00779900459962,differential_evolution,2.69016337394714,0.000268989438451,10001,3,30,0,Success!,278,0.1
279,0.583108240843007,0.960787406422112,0.097713007758763,differential_evolution,2.42677545547485,0.000242653280219,10001,3,15,0,Success!,279,0.1
282,0.180976876538544,0.512630072585492,0.014711157655145,differential_evolution,0.39038348197937,0.000354571736584,1101,5,4,3,Success!,282,0.1
283,0.000529440760741,0.000529440760741,0.000529440760741,differential_evolution,0.040599584579468,0.000255343299242,159,4,2,2,Success!,283,0.1
285,0.538363866070254,0.999962128812115,0.102931761047149,differential_evolution,0.610336303710938,0.000517234155687,1180,25,48,72,Success!,285,0.1
286,0.515140262018294,0.999981833214219,0.000455687563653,differential_evolution,15.2195706367493,0.001521804883187,10001,54,58,93,Success!,286,0.1
287,0.377759083838792,0.999916102149826,0.000356606572453,differential_evolution,4.7988486289978,0.000479836879212,10001,21,36,37,Success!,287,0.1
289,0.325270674947777,0.841848652024668,0.05157668692507,differential_evolution,2.65822744369507,0.000265796164753,10001,4,15,12,Success!,289,0.1
290,0.427950982007112,0.994800552791055,0.197550060388443,differential_evolution,2.61112904548645,0.000261086795869,10001,4,16,12,Success!,290,0.1
291,0.428752541950122,0.984708454542817,0.01905471083215,differential_evolution,2.64151620864868,0.000264125208344,10001,10,13,0,Success!,291,0.1
293,0.351983227191838,0.999993670768899,0.007393035354488,differential_evolution,74.535787820816,0.007452833498732,10001,131,92,316,Success!,293,0.1
295,0.21997145261641,0.909525198269751,0.000693630573272,differential_evolution,2.56021285057068,0.000255995685489,10001,5,17,8,Success!,295,0.1
296,0.212318286613386,0.996872643316745,0.003927368954723,differential_evolution,2.3564875125885,0.00023562518874,10001,5,12,8,Success!,296,0.1
298,0.474206015193211,0.992432589237279,0.112303563530722,differential_evolution,4.61968612670898,0.000461922420429,10001,10,39,0,Success!,298,0.1
299,0.544423756664229,0.938499248229401,0.141432137789742,differential_evolution,2.24456238746643,0.000224433795367,10001,3,11,0,Success!,299,0.1
300,0.385445893967055,0.960298065527914,0.000104198699048,differential_evolution,0.974239110946655,0.000235380311898,4139,3,16,10,Success!,300,0.1
301,0.372268691147036,0.936982208506565,0.004694481499512,differential_evolution,3.52350926399231,0.00035231569483,10001,8,36,15,Success!,301,0.1
303,0.463377562858522,0.999680652283694,0.004235976222084,differential_evolution,11.5883817672729,0.001158722304497,10001,42,85,45,Success!,303,0.1
304,0.471242294955552,0.963720880114495,0.018497467575988,differential_evolution,2.72664976119995,0.000272637712349,10001,5,34,0,Success!,304,0.1
305,0.367691451109272,0.755063278740415,0.047292056939206,differential_evolution,0.086940288543701,0.000278654770973,312,6,15,4,Success!,305,0.1
306,0.521791757961997,0.996993443411769,0.029638462993485,differential_evolution,0.063490152359009,0.000185102485012,343,2,13,8,Success!,306,0.1
307,0.433614771959037,0.920205717422873,0.221025330458034,differential_evolution,0.048390865325928,0.000172209485146,281,2,11,5,Success!,307,0.1
308,0.483720408786865,0.991089662929446,0.053643068342807,differential_evolution,0.07052206993103,0.000174128567731,405,3,14,6,Success!,308,0.1
309,0.464460769181385,0.973767787936922,0.022156783702458,differential_evolution,2.48415899276733,0.000248391060171,10001,1,9,4,Success!,309,0.1
310,0.418564663081663,0.780967565998597,0.072983090023431,differential_evolution,0.037757635116577,0.000151030540466,250,1,11,6,Success!,310,0.1
311,0.457868395593836,0.993618754992652,0.15638532837497,differential_evolution,0.03619647026062,0.000144785881042,250,1,8,5,Success!,311,0.1
312,0.010276923412851,0.024449846328505,7.67427791089625E-05,differential_evolution,1.49564146995544,0.000189681860489,7885,2,5,4,Success!,312,0.1
313,0.259838867025739,0.657271451428384,0.001791146474539,differential_evolution,4.64131259918213,0.000464084851433,10001,15,18,16,Success!,313,0.1
314,0.754462083777014,1,0.5,differential_evolution,0.149363279342651,0.000373408198357,400,11,12,12,Success!,314,0.1
315,0.349980924433879,0.998935319299513,0.00454525943313,differential_evolution,6.28757476806641,0.000628694607346,10001,19,47,27,Success!,315,0.1
317,0.005851480855381,0.005851480855381,0.005851480855381,differential_evolution,0.029720783233643,0.000235879232013,126,3,1,6,Success!,317,0.1
318,0.260850850429788,0.260850850429788,0.260850850429788,differential_evolution,0.014166355133057,0.000429283488881,33,7,1,17,Success!,318,0.1
320,0.456238483606824,0.999643169187494,0.000684755389617,differential_evolution,4.47283339500427,0.000447238615639,10001,9,31,14,Success!,320,0.1
321,0.649222185350971,0.99999999999817,0.006452460670735,differential_evolution,2.49074554443359,0.000249049649478,10001,3,18,6,Success!,321,0.1
322,0.173398453395583,0.523791957212737,0.001223563252945,differential_evolution,0.636793613433838,0.00023690238595,2688,4,6,9,Success!,322,0.1
323,0.002945254502183,0.00586558445333,0.000312999360225,differential_evolution,0.339428424835205,0.000236700435729,1434,3,3,6,Success!,323,0.1
325,0.374474914045146,0.984692882460097,0.000920090264247,differential_evolution,2.3929750919342,0.000239273581835,10001,5,15,10,Success!,325,0.1
326,0.437473975218843,0.999581787111395,0.023116672764802,differential_evolution,24.758695602417,0.002475621998042,10001,71,96,91,Success!,326,0.1
327,0.716200696117097,1,0.025972019345984,differential_evolution,3.80735802650452,0.000445252955971,8551,4,44,11,Success!,327,0.1
328,0.8,1,0.5,differential_evolution,1.33859419822693,0.000578726415144,2313,18,30,29,Success!,328,0.1
330,0.629929723276718,0.998249438610337,0.296813096650769,differential_evolution,5.289306640625,0.000528877776285,10001,5,21,0,Success!,330,0.1
331,0.366900041171251,0.999794790431079,0.02684757297574,differential_evolution,7.12902474403381,0.000712831191284,10001,7,27,0,Success!,331,0.1
332,0.494645347955407,0.999903709511198,0.003574063549971,differential_evolution,30.8379039764404,0.003083482049439,10001,78,113,69,Success!,332,0.1
333,0.568288565898553,0.999913791251258,0.004284733596433,differential_evolution,18.9089102745056,0.001890701957255,10001,54,75,45,Success!,333,0.1
334,0.442663052292122,0.999990090690981,0.001295931696713,differential_evolution,32.6636953353882,0.003266042929246,10001,74,110,66,Success!,334,0.1
335,0.426459507000991,0.999925986481178,0.00771180823128,differential_evolution,5.34347677230835,0.000534294247806,10001,34,43,31,Success!,335,0.1
336,0.455558258806158,0.937893124650001,0.038979491285931,differential_evolution,5.20904636383057,0.000520852551128,10001,18,22,20,Success!,336,0.1
337,0,0,0,differential_evolution,0.869657754898071,0.000176939522868,4915,3,2,5,Success!,337,0.1
340,0.34760603029156,0.998983020861537,6.26730396385613E-07,differential_evolution,15.1230344772339,0.0015121522325,10001,51,58,116,Success!,340,0.1
342,0.55294411244199,0.987577494810234,0.039089020771364,differential_evolution,0.316121101379395,0.000406848264324,777,19,34,29,Success!,342,0.1
343,0.426807935524319,0.985277243323475,0.003735881045278,differential_evolution,3.99774360656738,0.000399734387218,10001,1,19,0,Success!,343,0.1
344,0.523195834489153,0.999216490262592,0.023156644809776,differential_evolution,16.1815822124481,0.001617996421603,10001,50,65,80,Success!,344,0.1
346,0.424806756095369,0.802872997165366,0.053828204987481,differential_evolution,2.06554746627808,0.000206534093218,10001,2,4,0,Success!,346,0.1
347,0.551304316651271,1,0.036218194474745,differential_evolution,3.30933809280395,0.000678699362757,4876,26,32,36,Success!,347,0.1
349,0.479664728742745,0.998692297112189,0.011144107719318,differential_evolution,5.01738214492798,0.000501688045688,10001,7,105,0,Success!,349,0.1
350,0.199326807832558,0.991173412505037,0.00241450983581,differential_evolution,5.29957246780396,0.000529904256355,10001,14,29,30,Success!,350,0.1
351,0.333313635067591,0.944849499812042,0.002266811053925,differential_evolution,2.85115551948547,0.000285087043244,10001,6,23,12,Success!,351,0.1
352,0.382118282473042,0.992275170839763,7.58157613387489E-05,differential_evolution,2.88702416419983,0.000288673549065,10001,6,23,12,Success!,352,0.1
353,0.499859276456733,0.99995578747485,0.00145956572525,differential_evolution,1.03955292701721,0.000549156327003,1893,19,62,9,Success!,353,0.1
354,0.375504708687379,0.999999973314977,0.00939380645166,differential_evolution,3.82678699493408,0.00038264043545,10001,6,20,11,Success!,354,0.1
355,0.448994857110493,0.999999999958147,0.002612302073449,differential_evolution,5.02805519104004,0.00050275524358,10001,9,22,17,Success!,355,0.1
357,0.46214908903688,0.884501023310411,0.07280042736378,differential_evolution,3.26345705986023,0.000326313074679,10001,9,12,8,Success!,357,0.1
358,0.436774971473249,0.95174441268689,0.014334614050525,differential_evolution,8.168297290802,0.000816748054275,10001,12,14,8,Success!,358,0.1
362,0.384972251898415,0.988259303594213,0.022606687830405,differential_evolution,5.76435661315918,0.000576378023514,10001,34,45,33,Success!,362,0.1
364,0.559738512460822,0.996095502686966,0.009169395578443,differential_evolution,4.22849774360657,0.000422807493611,10001,14,22,16,Success!,364,0.1
365,0.273168686035713,0.984059949623892,0.000344678177918,differential_evolution,2.68427729606628,0.00055107314639,4871,30,9,33,Success!,365,0.1
366,0.502855716018848,0.9999930996024,0.000698496077424,differential_evolution,3.61776113510132,0.000361739939516,10001,12,14,8,Success!,366,0.1
368,0.304480811960817,0.482414992352157,0.037714903908425,differential_evolution,2.18773436546326,0.00021875156139,10001,8,10,0,Success!,368,0.1
369,0.610333514362263,0.974090716503166,0.082579676624228,differential_evolution,0.0567946434021,0.000202116168691,281,7,10,0,Success!,369,0.1
371,0.551720421107369,0.998809394959361,0.135521747163216,differential_evolution,2.00056409835815,0.000200036406195,10001,3,24,0,Success!,371,0.1
372,0.481363695327764,0.919571737869725,0.036140598157232,differential_evolution,2.51210927963257,0.000251185809382,10001,6,29,0,Success!,372,0.1
373,0.48437788222311,0.983191296423612,0.00368892948291,differential_evolution,4.46415233612061,0.000446370596552,10001,7,113,0,Success!,373,0.1
374,0.452263603316627,0.999921744168508,0.003826721147102,differential_evolution,2.62135362625122,0.00026210915171,10001,5,50,0,Success!,374,0.1
375,0.463321323683209,0.987924454010983,0.006316512343956,differential_evolution,2.95433640480042,0.00029540410007,10001,5,61,0,Success!,375,0.1
377,0.500634306753878,0.942376608981504,0.02909985218037,differential_evolution,2.22168898582458,0.000222146683914,10001,4,32,0,Success!,377,0.1
380,2.46054724371967E-06,8.20928644940794E-06,2.02979661739092E-07,differential_evolution,2.43355679512024,0.000252496036016,9638,6,13,8,Success!,380,0.1
382,0.415498003962234,0.999744206605569,0.037721384381672,differential_evolution,2.19171380996704,0.00021914946605,10001,6,13,0,Success!,382,0.1
383,0.48179156421426,0.891782657140409,0.013592455580619,differential_evolution,2.04628586769104,0.000204608125957,10001,2,11,4,Success!,383,0.1
385,0.521723512196167,0.967106446204634,0.004576867059873,differential_evolution,22.5541987419128,0.002255194354756,10001,2,20,4,Success!,385,0.1
386,0.359018676791688,0.999762605444708,0.067735608944675,differential_evolution,2.08355903625488,0.000208335070118,10001,2,15,4,Success!,386,0.1
387,0.556731258983465,0.994541096620125,0.066802896144095,differential_evolution,2.27214741706848,0.000227192022505,10001,2,17,4,Success!,387,0.1
389,0.443896419641627,0.953103889066419,0.087835618932654,differential_evolution,0.121134757995605,0.000434174759841,279,19,4,18,Success!,389,0.1
390,0.000119443754043,0.000176683413202,6.22040948841107E-05,differential_evolution,0.192085266113281,0.000268650721837,715,7,2,6,Success!,390,0.1
394,0.396271130316316,0.999484894568916,0.003406630746744,differential_evolution,7.08001947402954,0.000707931154288,10001,23,38,10,Success!,394,0.1
395,0.137606215944251,0.96859600031567,3.37150130580694E-05,differential_evolution,6.7337429523468,0.000673306964538,10001,23,25,12,Success!,395,0.1
396,0.385722982600657,0.999999984754992,0.000203291707802,differential_evolution,9.16437005996704,0.00091634537146,10001,36,56,16,Success!,396,0.1
397,0.077877345219333,0.989519821659542,0.001166188117071,differential_evolution,13.9713015556335,0.001396990456518,10001,50,56,29,Success!,397,0.1
398,0.261344247171096,0.999903040039443,0.002311229396692,differential_evolution,7.1177442073822,0.000711703250413,10001,27,37,12,Success!,398,0.1
399,0.444478176434012,0.997480062541559,0.002620924736063,differential_evolution,81.9735214710236,0.018541850592858,4421,93,90,125,Success!,399,0.1
400,0.4028024421067,0.996152397003116,0.001892177707016,differential_evolution,4.28184390068054,0.00042814157591,10001,13,55,0,Success!,400,0.1
401,0.621887717490874,0.999930694612582,0.211458516689398,differential_evolution,2.08086752891541,0.000208065946297,10001,3,15,0,Success!,401,0.1
405,0.195340635171437,0.840579720382107,0.010374165596233,differential_evolution,3.05733370780945,0.000511773302278,5974,6,5,8,Success!,405,0.1
406,0.406611150420341,0.999603963543569,0.005796972778085,differential_evolution,12.6871855258942,0.00126859169342,10001,24,118,51,Success!,406,0.1
408,0.553856695533876,0.999988048000294,0.026543623627534,differential_evolution,2.12353849411011,0.000528506344975,4018,10,57,9,Success!,408,0.1
409,0.419837097003616,0.976967796765139,0.00942804085836,differential_evolution,6.38100385665894,0.000638036582008,10001,13,54,31,Success!,409,0.1
410,0.126138375286804,0.126138375286804,0.126138375286804,differential_evolution,0.038652658462525,0.001171292680683,33,53,10,91,Success!,410,0.1
413,0.385013311234467,0.890527649752852,0.001113359207236,differential_evolution,2.52157735824585,0.000252132522572,10001,5,10,9,Success!,413,0.1
414,0.526269641105016,0.806021479139787,0.340930709094945,differential_evolution,0.717885255813599,0.000143980195711,4986,1,4,3,Success!,414,0.1
415,0.749999188446695,1,0.5,differential_evolution,0.896157741546631,0.000346810271496,2584,10,9,5,Success!,415,0.1
417,0.585016350904892,0.943537927982108,0.09157380993972,differential_evolution,2.20604062080383,0.00022058200388,10001,1,11,2,Success!,417,0.1
418,0.572945458789116,0.990492839208228,0.054939873873363,differential_evolution,2.10569357872009,0.000210548303042,10001,1,10,2,Success!,418,0.1
419,0.573641839118326,0.993775018948161,0.086615363349488,differential_evolution,2.91344952583313,0.000291315821001,10001,3,10,6,Success!,419,0.1
420,0.426644490749545,0.983192339736902,0.044145170730607,differential_evolution,2.6218798160553,0.000262161765429,10001,2,11,4,Success!,420,0.1
421,0.524918417254093,0.989198490510944,0.053997813641878,differential_evolution,2.47413516044617,0.000247388777167,10001,2,11,4,Success!,421,0.1
422,0.307101051374094,0.999887414142463,0.000326987488903,differential_evolution,4.90205860137939,0.00096440263651,5083,22,13,43,Success!,422,0.1
423,0.404116963114859,0.993598224961917,0.006472272934112,differential_evolution,6.04661774635315,0.000604601314504,10001,9,19,11,Success!,423,0.1
424,0.344117110896663,0.999896418933735,0.012285434610784,differential_evolution,44.7806973457336,0.004477621972376,10001,55,114,58,Success!,424,0.1
427,0.588335524928096,0.982231072900293,0.100535706411684,differential_evolution,2.16232776641846,0.001041082217823,2077,21,5,22,Success!,427,0.1
429,0.427428558826169,0.990120808482874,0.006077302099369,differential_evolution,5.96955966949463,0.000596896277322,10001,14,88,16,Success!,429,0.1
432,0.54426119667722,0.996718675182349,0.021165590589972,differential_evolution,1.77662086486816,0.000345243075178,5146,11,14,10,Success!,432,0.1
433,0.330399539011518,0.966285289750925,0.001067690080652,differential_evolution,1.49484300613403,0.0003366005418,4441,11,14,10,Success!,433,0.1
436,0.421664407944676,0.999999665884141,0.00244508075148,differential_evolution,6.56803917884827,0.00065673824406,10001,12,77,22,Success!,436,0.1
439,0.418751489303157,0.831652849753344,0.005850128852971,differential_evolution,0.325827598571777,0.001151334270572,283,20,2,21,Success!,439,0.1
444,0.470638137355758,0.470638137355758,0.470638137355758,differential_evolution,0.014965534210205,0.000453501036673,33,18,1,22,Success!,444,0.1
446,0.48013525647215,0.999524103534247,0.000475914938434,differential_evolution,20.1794445514679,0.002017742680879,10001,27,94,62,Success!,446,0.1
447,0.504807984790131,0.99999957809585,0.004233938301051,differential_evolution,3.50879907608032,0.000350844823126,10001,13,23,32,Success!,447,0.1
448,0.391827165740005,0.998371586446946,0.001820100649803,differential_evolution,17.9621276855469,0.001796033165238,10001,27,68,34,Success!,448,0.1
449,0.476066260742004,0.993478665109364,0.019336877058155,differential_evolution,16.2665758132935,0.001626494931836,10001,27,68,34,Success!,449,0.1
457,0.387798377976362,0.968482005033667,0.09903691899417,differential_evolution,0.801521778106689,0.002852390669419,281,163,12,141,Success!,457,0.1
459,0.43822332209709,0.974722477582439,0.012571005475771,differential_evolution,0.309160947799683,0.000185905560914,1663,3,7,3,Success!,459,0.1
460,0.496402654040616,0.995237685056354,0.000242588051563,differential_evolution,0.228551149368286,0.000186572366831,1225,3,7,3,Success!,460,0.1
461,0.301178835601809,0.785136295207385,0.006188581230508,differential_evolution,0.508290767669678,0.000244488103737,2079,3,6,3,Success!,461,0.1
462,0.446860772825227,0.957541931262189,0.000887950409696,differential_evolution,0.356834650039673,0.00018488841971,1930,4,9,8,Success!,462,0.1
463,0.424445227781753,0.950860893579627,0.006536559000798,differential_evolution,57.0525605678558,0.005704685588227,10001,35,48,50,Success!,463,0.1
467,0.535565794779723,0.987101418373675,0.021776309756851,differential_evolution,5.50253510475159,0.000550198490626,10001,19,15,24,Success!,467,0.1
469,0.385389732904668,0.999999989603099,0.000752202407412,differential_evolution,1899.68294739723,0.189949299809742,10001,402,420,399,Success!,469,0.1
471,0.3953442801171,0.999999999982706,0.000814166796119,differential_evolution,1398.51232433319,0.139837248708448,10001,303,309,282,Success!,471,0.1
474,0.458138528585188,0.979514507954803,0.020984949438161,differential_evolution,12.9122066497803,0.005779859735801,2234,104,81,367,Success!,474,0.1
478,0.365972576225075,0.997610984381214,0.004629178616014,differential_evolution,19.5345704555511,0.001953261719383,10001,30,39,39,Success!,478,0.1
479,0.275679044729945,0.548313320947351,0.00304476851254,differential_evolution,0.651179075241089,0.002376565968033,274,28,2,44,Success!,479,0.1
481,0.477797857640252,0.994170457887809,0.02027757424147,differential_evolution,17.5726983547211,0.00175709412606,10001,15,69,28,Success!,481,0.1
482,0.412755417268571,0.97549099123195,0.002653025343365,differential_evolution,2.30758619308472,0.001140675330245,2023,23,56,29,Success!,482,0.1
483,0.44047039377924,0.994892661400985,0.082500242060587,differential_evolution,0.052596569061279,0.000210386276245,250,8,8,8,Success!,483,0.1
484,0.041366520297375,0.078590050509267,0.004142990085482,differential_evolution,0.086949110031128,0.000156383291423,556,2,2,2,Success!,484,0.1
485,0.306067203992911,0.965257756062368,0.021493983175989,differential_evolution,2.18958568572998,0.000218936674906,10001,2,8,4,Success!,485,0.1
486,0.409095373916878,0.478623812930824,0.339566934902932,differential_evolution,0.009514808654785,0.000148668885231,64,2,2,2,Success!,486,0.1
487,0.36775357367846,0.663326966804249,0.109588629930743,differential_evolution,0.034825801849365,0.000185243626858,188,6,6,6,Success!,487,0.1
488,0.5187422387605,0.99999998818382,0.00192010300373,differential_evolution,17.8373293876648,0.001783554583308,10001,64,73,112,Success!,488,0.1
491,0.077260452732803,0.657044442354601,0.000148778083743,differential_evolution,16.3092935085297,0.001630766274226,10001,57,172,86,Success!,491,0.1
492,0.173704518295864,0.984503241996018,0.000539419718531,differential_evolution,15.3818995952606,0.00153803615591,10001,52,176,88,Success!,492,0.1
493,0.54045211689881,0.999924394985288,0.045140558811558,differential_evolution,387.658362865448,0.038761960090536,10001,3,23,6,Success!,493,0.1
495,0.547318212442576,0.99999984648678,0.014600824462494,differential_evolution,3.14075565338135,0.000314044160922,10001,8,34,17,Success!,495,0.1
500,0.017562676010957,0.033156378313021,0.001960602801504,differential_evolution,2.95824432373047,0.000295794852888,10001,14,7,18,Success!,500,0.1
501,0.332592906459554,0.981105128959377,0.011258992421276,differential_evolution,4.05882406234741,0.000556155667628,7298,35,7,57,Success!,501,0.1
502,0.412917931727219,0.976226967316078,0.000342974007179,differential_evolution,0.787898302078247,0.000302921300299,2601,8,7,11,Success!,502,0.1
504,0.455577368723131,0.999918614650567,0.001335095039655,differential_evolution,18.0110454559326,0.001800924453148,10001,73,131,132,Success!,504,0.1
505,0.502757692766144,0.995375538073155,0.004514545227832,differential_evolution,31.3295340538025,0.004374411345127,7162,45,140,59,Success!,505,0.1
506,0.483060082640995,0.999700893946739,0.0026928171329,differential_evolution,30.9049453735352,0.004401786835712,7021,45,140,59,Success!,506,0.1
507,0.273886698931045,0.744158209618787,0.008619445930633,differential_evolution,1.98337388038635,0.000290561658422,6826,3,9,4,Success!,507,0.1
512,0.399290209179084,0.992262264033534,0.005802052148122,differential_evolution,29.2056531906128,0.002920273291732,10001,39,155,75,Success!,512,0.1
517,0.395584062251933,0.98756898124612,0.018173368739298,differential_evolution,2.32609152793884,0.000232585894204,10001,4,20,9,Success!,517,0.1
518,0.376885103725767,0.96169917538334,0.022401520954586,differential_evolution,2.33135056495666,0.000233111745321,10001,4,20,9,Success!,518,0.1
519,0.18040836921496,0.498895925914372,0.021439501680178,differential_evolution,2.01835870742798,0.000201815689174,10001,3,13,7,Success!,519,0.1
520,0.58316572016111,0.971855251750085,0.1723371928967,differential_evolution,2.05549621582031,0.000205529068675,10001,3,12,7,Success!,520,0.1
521,0.582631212113625,0.950171580480746,0.409407125543258,differential_evolution,1.87698650360107,0.000187679882372,10001,4,10,0,Success!,521,0.1
522,0.555111271528168,0.998547673524226,0.004635995423964,differential_evolution,6.55192518234253,0.000655127005534,10001,16,69,0,Success!,522,0.1
523,0.434614722513477,0.962846888657676,0.007014197343111,differential_evolution,2.79477715492249,0.000458160189332,6100,18,12,13,Success!,523,0.1
524,0.463401214969812,0.992651996616484,0.005711482425011,differential_evolution,4.2509241104126,0.000425049906051,10001,18,12,13,Success!,524,0.1
525,0.379004741268141,0.99999999985302,0.004657580163868,differential_evolution,3.50292015075684,0.000456050013118,7681,18,15,19,Success!,525,0.1
526,0.325390490901559,0.845329984491205,0.006754976028586,differential_evolution,4.19437742233276,0.000419395802653,10001,18,15,19,Success!,526,0.1
528,0.422598099409718,0.999999978556514,0.008137083442969,differential_evolution,5.93663835525513,0.000593604475078,10001,12,49,12,Success!,528,0.1
529,0.372189352105475,0.999999997946226,0.005533297999041,differential_evolution,10.1773612499237,0.001017634361556,10001,12,49,12,Success!,529,0.1
534,0.474024547131825,0.97873012231805,0.006478673901386,differential_evolution,26.3016645908356,0.002629903468737,10001,39,51,71,Success!,534,0.1
535,0.447065005086544,0.999126356163062,0.011122512276655,differential_evolution,28.5100033283234,0.002850715261306,10001,39,51,71,Success!,535,0.1
536,0.567336576265632,0.999999990233044,0.037157479308851,differential_evolution,13.0424389839172,0.001304113487043,10001,36,53,66,Success!,536,0.1
537,0.556194957371674,0.999386133228459,0.002915896460252,differential_evolution,42.9203932285309,0.004291610161837,10001,40,53,73,Success!,537,0.1
539,0.413882063668232,0.994067099692101,0.008235695586304,differential_evolution,3.35648107528687,0.000335614546074,10001,6,11,11,Success!,539,0.1
540,0.417429110880307,0.999997381361964,5.66860506420944E-05,differential_evolution,4.5825309753418,0.000458207276806,10001,21,22,11,Success!,540,0.1
541,0.35655717563951,0.999618076384162,0.000480058492384,differential_evolution,7.73320364952087,0.000773243040648,10001,30,22,30,Success!,541,0.1
542,0.565385529768874,0.99999998891546,0.001503779291605,differential_evolution,13.3954546451569,0.001339411523363,10001,41,93,84,Success!,542,0.1
543,0.487651960863005,0.999999823193635,0.000100096213948,differential_evolution,33.6746377944946,0.003367127066743,10001,105,204,127,Success!,543,0.1
544,0.472684850942277,0.999992745417859,0.000293009778854,differential_evolution,31.9616820812225,0.00319584862326,10001,102,192,119,Success!,544,0.1
545,0.404308396246149,0.979058894559521,0.046072357267282,differential_evolution,6.66236066818237,0.000666169449873,10001,14,25,10,Success!,545,0.1
546,0.614059358082768,0.995678621441373,0.182317433520885,differential_evolution,1.57814455032349,0.00029498028978,5350,3,5,5,Success!,546,0.1
552,0.052527638801941,0.115641557019701,0.001939132043743,differential_evolution,0.484731197357178,0.000156566924211,3096,2,4,4,Success!,552,0.1
553,0.160042129437209,0.362670267193117,0.000283419239875,differential_evolution,0.454134225845337,0.000159010583279,2856,2,4,4,Success!,553,0.1
557,0.529482554784159,0.999671596250429,0.018312184606646,differential_evolution,6.26043081283569,0.000981874343293,6376,25,50,22,Success!,557,0.1
558,0.498663481972042,0.864671940752499,0.033404397764608,differential_evolution,2.09877514839172,0.000209856529186,10001,2,8,4,Success!,558,0.1
559,0.348986831180154,0.996260122783865,0.000662587344738,differential_evolution,3.52993059158325,0.001890696621094,1867,89,14,136,Success!,559,0.1
560,0.471575437632194,0.998580021739878,0.002208933859958,differential_evolution,16.7417020797729,0.001674002807697,10001,62,113,117,Success!,560,0.1
564,0.279224442700806,0.999999985198891,0.002016511662421,differential_evolution,16.317923784256,0.001631629215504,10001,19,115,38,Success!,564,0.1
565,0.497377362570116,0.971267369524233,0.211245862876944,differential_evolution,0.877185821533203,0.002527913030355,347,26,8,64,Success!,565,0.1
568,0.463704955598733,0.999359565614642,0.005443181837266,differential_evolution,67.7618772983551,0.006775510178818,10001,24,79,69,Success!,568,0.1
569,0.478442786450956,0.999373438637648,0.044810407837337,differential_evolution,0.875265121459961,0.000421205544495,2078,21,42,62,Success!,569,0.1
571,0.010243266819307,0.010243266819307,0.010243266819307,differential_evolution,0.19079065322876,0.001135658650171,168,58,18,92,Success!,571,0.1
574,0.404479028560667,0.99951509040942,0.002487066996296,differential_evolution,130.914137363434,0.013090104725871,10001,194,80,576,Success!,574,0.1
576,0.54562847366227,0.872713259270955,0.055278978845407,differential_evolution,0.597105264663696,0.001418302291363,421,34,11,52,Success!,576,0.1
578,0.369932623492614,0.962040445954874,0.029697617087751,differential_evolution,9.95094871520996,0.003565370374493,2791,75,103,96,Success!,578,0.1
580,0.464354744828034,0.999993755164125,0.003661993104984,differential_evolution,9.98104453086853,0.000998004652622,10001,26,37,26,Success!,580,0.1
582,0.480049212842751,0.998464734039648,0.05045932893937,differential_evolution,11.4885022640228,0.001148735352867,10001,23,55,41,Success!,582,0.1
584,0.36793579513287,0.998953576063627,0.003498015471959,differential_evolution,9.30688261985779,0.000930595202466,10001,21,34,14,Success!,584,0.1
586,0.269901790434485,0.802170449211692,0.003324313665608,differential_evolution,3.7643883228302,0.000376401192164,10001,10,25,23,Success!,586,0.1
587,0.253275993764244,0.983833544974133,0.00400943710492,differential_evolution,3.75937438011169,0.000375899848026,10001,10,25,23,Success!,587,0.1
590,0.577524201971586,0.999489685161574,0.012192256126866,differential_evolution,5.50070929527283,0.000550015927934,10001,9,30,20,Success!,590,0.1
591,0.50852174720847,0.999906777550895,0.119410784601175,differential_evolution,0.590693950653076,0.000360398993687,1639,8,7,9,Success!,591,0.1
594,0.540313043490423,0.998349283948998,1.25682844664462E-13,differential_evolution,6.30336785316467,0.000630273757941,10001,33,32,120,Success!,594,0.1
595,0.351145939811526,0.99880029897034,5.61228841178263E-12,differential_evolution,165.546068906784,0.016552951595519,10001,218,43,1490,Success!,595,0.1
596,0.000909108846203,0.000909108846203,0.000909108846203,differential_evolution,0.082217454910278,0.000435012988943,189,15,1,36,Success!,596,0.1
599,0.404570044690602,0.999737574466485,0.013762623376912,differential_evolution,10.6128973960876,0.001061183621247,10001,30,40,37,Success!,599,0.1
600,0.576041345070738,1,0.012227106783575,differential_evolution,0.991887807846069,0.00046285012032,2143,17,20,29,Success!,600,0.1
602,0.533127274468346,0.995671984759168,0.016268702245486,differential_evolution,6.07128930091858,0.00060706822327,10001,14,42,42,Success!,602,0.1
603,0.55979916643457,1,0.010813037764378,differential_evolution,6.19328713417053,0.001585177152334,3907,29,126,58,Success!,603,0.1
604,0.486031803290029,1,0.000907729122866,differential_evolution,7.39233160018921,0.001614398689712,4579,29,126,54,Success!,604,0.1
605,0.549840282951506,1,2.18995510442165E-05,differential_evolution,6.1719377040863,0.001613578484728,3825,29,126,58,Success!,605,0.1
607,0.540664052606517,1,0.003806941673313,differential_evolution,4.94545435905457,0.001331212478884,3715,29,126,58,Success!,607,0.1
608,0.462296461654067,0.999999999484405,0.001233322407213,differential_evolution,17.3578033447266,0.001735606773795,10001,52,278,140,Success!,608,0.1
609,0.082038703394614,0.400123333215873,0.000137296173822,differential_evolution,2.19835448265076,0.000219813466918,10001,5,11,10,Success!,609,0.1
610,0.546714303238948,1,0.011977334917587,differential_evolution,7.32793831825256,0.001707746054126,4291,29,126,58,Success!,610,0.1
611,0.55168979583653,0.999601335661524,0.001282458155163,differential_evolution,23.0238788127899,0.002302157665512,10001,66,106,62,Success!,611,0.1
612,0.393675011763305,0.999101784647799,0.001420493125509,differential_evolution,8.682293176651,0.000868142503415,10001,35,72,76,Success!,612,0.1
614,0.666099940515995,0.999999998753896,0.000817881389504,differential_evolution,0.101205825805664,0.000139594242491,725,1,3,4,Success!,614,0.1
615,0.337628479697976,0.999986641790652,0.00105737404429,differential_evolution,0.370752573013306,0.000176045856132,2106,4,12,17,Success!,615,0.1
616,0.156010491716329,0.812014699928221,0.000881718838373,differential_evolution,1.34640216827393,0.000286529510167,4699,4,8,10,Success!,616,0.1
617,0.404530021181579,0.990597459901198,0.016571441325612,differential_evolution,1.92389345169067,0.000192370108158,10001,1,26,4,Success!,617,0.1
619,0.550584968540182,0.999999999358378,0.009158545216486,differential_evolution,4.19315528869629,0.000419273601509,10001,10,31,13,Success!,619,0.1
620,0.506508616150396,0.999864754315533,0.003070452748419,differential_evolution,1.91806769371033,0.000809994803087,2368,34,52,20,Success!,620,0.1
621,0.59713834713829,0.997545032127634,0.060005141331324,differential_evolution,1.98417448997498,0.000837911524483,2368,34,52,20,Success!,621,0.1
624,0.415946703782327,0.834814168560368,6.53825401331076E-05,differential_evolution,2.32702589035034,0.000232679321103,10001,6,9,5,Success!,624,0.1
630,0.337181966995934,0.977394621193256,0.004392367570622,differential_evolution,0.123792171478271,0.000194948301541,635,4,3,14,Success!,630,0.1
631,0.285297468201971,0.999999935114662,0.000963370565264,differential_evolution,4.39080452919006,0.000439036549264,10001,12,47,33,Success!,631,0.1
632,0.422515405397912,0.998808231702705,0,differential_evolution,2.9010226726532,0.000290073259939,10001,8,42,14,Success!,632,0.1
634,0.452676161665036,0.999999342997176,0.001508304630703,differential_evolution,17.6647300720215,0.001766296377564,10001,64,73,112,Success!,634,0.1
637,0.650713796248529,1,0.034777405740486,differential_evolution,2.45013666152954,0.000414084276074,5917,12,52,22,Success!,637,0.1
638,0.570872310944683,0.999999998949968,0.001026158127678,differential_evolution,5.92624092102051,0.00064909539113,9130,21,61,48,Success!,638,0.1
640,0.347471914539415,0.9492739981479,0.000316212877796,differential_evolution,9.25311756134033,0.000925219234211,10001,31,60,48,Success!,640,0.1
646,0.39016780666758,0.999999999932274,0.000298645925826,differential_evolution,3.62521362304687,0.000362485113793,10001,11,26,24,Success!,646,0.1
647,0.153524696709015,0.495112478799364,0.001203889490886,differential_evolution,2.33022594451904,0.000354946830848,6565,11,11,11,Success!,647,0.1
648,0.497543020916296,0.99999998893673,0.00114276838738,differential_evolution,17.0702393054962,0.001706853245225,10001,53,103,64,Success!,648,0.1
651,0.370950471831749,0.999999999915999,0.002220148290217,differential_evolution,7.80891299247742,0.000780813217926,10001,29,34,16,Success!,651,0.1
652,0.548427282018538,0.999999999994248,0.002696657736352,differential_evolution,17.1513764858246,0.001714966151967,10001,53,102,63,Success!,652,0.1
653,0.544104684197809,0.999999998546015,0.001264577525012,differential_evolution,16.7796211242676,0.001677794332993,10001,53,99,62,Success!,653,0.1
654,0.451882800262012,0.999999998954676,0.002453546652476,differential_evolution,16.719006061554,0.001671733432812,10001,53,101,63,Success!,654,0.1
655,0.497544205326172,0.999999999983256,0.001515220549796,differential_evolution,16.7671620845795,0.001676548553603,10001,53,101,63,Success!,655,0.1
656,0.454896561798072,0.999977237838853,0.000396273691322,differential_evolution,16.9291071891785,0.001692741444773,10001,53,101,62,Success!,656,0.1
657,0.439320220162754,0.998931356932191,0.034089955073734,differential_evolution,3.44577884674072,0.000344543430331,10001,3,21,3,Success!,657,0.1
658,0.384186845318042,0.9729108229683,1.4210854715202E-16,differential_evolution,5.4620795249939,0.000546153337166,10001,15,31,17,Success!,658,0.1
660,0.414817801601988,0.999673310230006,0.001473900128711,differential_evolution,5.95768690109253,0.000595709119197,10001,15,31,35,Success!,660,0.1
662,0.504256966639178,0.992068765262191,0.17271145002908,differential_evolution,2.64505314826965,0.00026447886694,10001,3,12,10,Success!,662,0.1
663,0.093643661444271,0.46877192971162,0.0018487663776,differential_evolution,1.98829102516174,0.000198809221594,10001,3,7,9,Success!,663,0.1
665,0.292234100377967,0.541547921201006,0.078887725625101,differential_evolution,2.92775511741638,0.000292746237118,10001,7,13,13,Success!,665,0.1
667,0.38200978459953,0.999975355309525,0.00161660439142,differential_evolution,62.4733064174652,0.006246705971149,10001,103,83,148,Success!,667,0.1
668,0.420228207591827,0.816580449354996,0.005124965308636,differential_evolution,2.90020537376404,0.000289991538223,10001,8,26,10,Success!,668,0.1
676,0.281337944235081,0.999998323868758,0.001874029674462,differential_evolution,4.71709370613098,0.000471662204393,10001,13,21,17,Success!,676,0.1
678,0.196165806445565,0.803450966801928,0.000500684820753,differential_evolution,2.50827097892761,0.000269416861324,9310,2,11,4,Success!,678,0.1
687,0.420770133968201,0.932026061880575,0.136273763484461,differential_evolution,5.75392484664917,0.00057533495117,10001,15,16,25,Success!,687,0.1
688,0.42458895555935,0.953258112701916,0.043383249509882,differential_evolution,4.9745090007782,0.000497401159962,10001,16,20,30,Success!,688,0.1
691,0.317468044061059,0.664109518421283,0.036566235580988,differential_evolution,20.3205494880676,0.00203185176363,10001,13,14,18,Success!,691,0.1
697,0.316620513886163,0.974231596053425,0.003014807117231,differential_evolution,5.61899042129517,0.000561842857844,10001,13,25,30,Success!,697,0.1
699,0.489591452298203,0.998170399669664,0.063898851244762,differential_evolution,0.293059587478638,0.000409873548921,715,24,23,48,Success!,699,0.1
700,0.382949849518465,0.999774213140655,0.014780344981593,differential_evolution,8.26993584632874,0.000826910893544,10001,23,56,49,Success!,700,0.1
701,0.559927450367227,0.980041890306691,0.007087104772582,differential_evolution,0.280374050140381,0.000409903582077,684,24,23,48,Success!,701,0.1
702,0.635807674676393,0.996423010447892,0.063718441695456,differential_evolution,0.279556751251221,0.00040870870066,684,24,23,48,Success!,702,0.1
703,0.389195220202035,0.999999999412159,1.04832344360872E-07,differential_evolution,3.58723592758179,0.000358687723986,10001,11,41,22,Success!,703,0.1
704,0.450436193630998,0.999054048588711,0.002224725575506,differential_evolution,6.38893175125122,0.000638829292196,10001,16,40,33,Success!,704,0.1
705,0.489405246643237,0.860659342108476,0.033891007524046,differential_evolution,0.472795486450195,0.00079999236286,591,32,19,61,Success!,705,0.1
706,0.699461458752874,0.699461458752874,0.699461458752874,differential_evolution,0.037620782852173,0.001140023722793,33,45,1,127,Success!,706,0.1
712,0.177598702460188,0.99653774063659,0.00024206508862,differential_evolution,2.61738348007202,0.00026171217679,10001,3,10,6,Success!,712,0.1
713,0.40011373484399,0.995016089423705,0.002923328412334,differential_evolution,2.12652111053467,0.000212630847969,10001,3,8,9,Success!,713,0.1
714,0.337601709681361,0.909908156233893,0.006932289888912,differential_evolution,3.18465328216553,0.000318433484868,10001,4,25,10,Success!,714,0.1
718,0.322253672131062,0.999988500930496,0.00057709695358,differential_evolution,5.44458055496216,0.000544403615135,10001,16,50,29,Success!,718,0.1
719,0.350393467469881,0.961902225376095,0.03003790009842,differential_evolution,2.95653247833252,0.000295623685465,10001,5,19,9,Success!,719,0.1
720,0.21383326971237,0.999904700487041,0.005595463459276,differential_evolution,4.79060649871826,0.000479012748597,10001,8,29,25,Success!,720,0.1
724,0.290956160518514,0.996701258751766,0.001728684769874,differential_evolution,7.21503114700317,0.000721430971603,10001,28,51,28,Success!,724,0.1
726,0.428340662202307,0.909715703302935,0.047877518360434,differential_evolution,3.14544749259949,0.00031451329793,10001,8,16,23,Success!,726,0.1
727,0.387528322053906,0.996796111759739,0.000633872212592,differential_evolution,11.2277808189392,0.001122665815312,10001,30,96,57,Success!,727,0.1
728,0.00382204831561,0.006091105314302,3.19199681910372E-05,differential_evolution,1.07466149330139,0.000230812176396,4656,2,4,5,Success!,728,0.1
729,0.390843952016875,0.840119893323713,0.002046006948375,differential_evolution,2.60211753845215,0.000260185735272,10001,3,15,7,Success!,729,0.1
730,0.487809451431418,0.999984997334822,0.004333724784331,differential_evolution,33.3472774028778,0.003334394300858,10001,45,187,108,Success!,730,0.1
732,0.465210532169681,0.995197776605947,0.002874199295769,differential_evolution,0.802685499191284,0.000226875494401,3538,3,14,6,Success!,732,0.1
733,0.359348425501492,0.786389578513499,0.067275799508434,differential_evolution,2.68454575538635,0.000268427732765,10001,3,12,6,Success!,733,0.1
734,0.623869865249856,0.999995731560485,0.178097798206578,differential_evolution,0.415319442749023,0.000667716145899,622,22,41,47,Success!,734,0.1
735,0.700728444767425,0.99999980818715,0.190129299192756,differential_evolution,0.415995121002197,0.000668802445341,622,22,41,47,Success!,735,0.1
736,0.654502267700957,0.999763301423689,0.029846183942329,differential_evolution,0.46185040473938,0.000452351033045,1021,11,30,22,Success!,736,0.1
737,0.517886677580264,0.970911954721948,0.055027479459537,differential_evolution,0.468631982803345,0.000482628200621,971,11,30,22,Success!,737,0.1
739,0.3934854946934,0.997544954941824,0.011744964449572,differential_evolution,4.99757766723633,0.000499707795944,10001,24,44,23,Success!,739,0.1
740,0.54913102115612,0.999939744967239,0.008120763990161,differential_evolution,8.17282700538635,0.000817200980441,10001,8,67,0,Success!,740,0.1
741,0.446320611571978,0.999880198478282,0.001623994712475,differential_evolution,2.7165265083313,0.000271625488284,10001,4,28,10,Success!,741,0.1
742,0.308065118755112,1,0.007101896992157,differential_evolution,0.906146287918091,0.00022106520808,4099,2,6,6,Success!,742,0.1
743,0.554396695263558,0.999982970021452,0.017780532884776,differential_evolution,2.80691456794739,0.000280663390456,10001,4,31,14,Success!,743,0.1
744,0.369953720170397,0.994623549778456,0.04869958502108,differential_evolution,3.21611666679382,0.000321579508729,10001,5,23,14,Success!,744,0.1
745,0.185525655741627,0.996635853248996,0.010403852973744,differential_evolution,2.90559434890747,0.000290530381853,10001,5,13,10,Success!,745,0.1
746,0.333147201662843,0.880007962624437,0.008992749512749,differential_evolution,1.36932468414307,0.000308754156515,4435,4,12,11,Success!,746,0.1
747,0.334259666335627,0.989509794853114,0.000554367135713,differential_evolution,10.7993459701538,0.001079826614354,10001,33,44,28,Success!,747,0.1
748,0.231685962833379,0.896367388969765,0.002958557415125,differential_evolution,1.72814416885376,0.000231128015093,7477,4,8,11,Success!,748,0.1
749,0.454180587471606,0.948019570807623,0.182240040398816,differential_evolution,2.05905246734619,0.000205884658269,10001,2,10,9,Success!,749,0.1
750,0.356730224432337,0.989953536864015,0.002065339399609,differential_evolution,5.8720395565033,0.000587145241126,10001,8,41,25,Success!,750,0.1
751,0.246798718185096,0.734471564883796,0.000367177097834,differential_evolution,0.518290281295776,0.000168989332017,3067,2,6,3,Success!,751,0.1
752,0.204638292436553,0.969875908039445,0.008508720068079,differential_evolution,1.18659782409668,0.000188948698105,6280,3,9,5,Success!,752,0.1
753,0.148611667308628,0.414252595124734,0.021979782433615,differential_evolution,2.13437986373901,0.000213416644709,10001,2,8,7,Success!,753,0.1
754,0.382300689302842,0.966698253740136,0.002267714381423,differential_evolution,1.39715886116028,0.000224985323858,6210,3,13,10,Success!,754,0.1
756,0.495387985174528,0.996914578334131,0.002210160449795,differential_evolution,2.61838436126709,0.000304074365494,8611,4,20,11,Success!,756,0.1
757,0.336571573313932,0.999807647241334,0.003433073972084,differential_evolution,3.15132546424866,0.000315101036321,10001,7,32,18,Success!,757,0.1
758,0.167279788840149,0.351295485110237,0.000720662836318,differential_evolution,0.972554206848144,0.000157218591472,6186,2,4,4,Success!,758,0.1
759,0.431656246233004,0.865559279530471,0.031597214684696,differential_evolution,3.26031374931335,0.000325998775054,10001,6,24,19,Success!,759,0.1
760,0.390642601215862,0.784332397307941,0.003665839110863,differential_evolution,0.991119861602783,0.00018149054415,5461,2,9,4,Success!,760,0.1
762,0.372906370534839,0.999997654402716,0.001689820308619,differential_evolution,1.10136342048645,0.000165320237239,6662,2,8,7,Success!,762,0.1
763,0.17742844032924,0.864255648862657,0.002504578743714,differential_evolution,2.56716513633728,0.000256690844549,10001,3,8,9,Success!,763,0.1
764,0.629866799241212,0.972511352768024,0.000322714634255,differential_evolution,4.9214813709259,0.0004920989272,10001,4,24,9,Success!,764,0.1
765,0.528044999121599,0.99582221186573,0.004274535636734,differential_evolution,0.634110689163208,0.000337472426377,1879,4,13,9,Success!,765,0.1
766,0.373567905885038,0.791551305165706,0.004930315505134,differential_evolution,1.80222415924072,0.000260587645928,6916,5,15,11,Success!,766,0.1
767,0.446768774601858,0.777368348150827,0.17234777965019,differential_evolution,0.570978164672852,0.000196414917328,2907,3,8,5,Success!,767,0.1
768,0.387536322670455,0.973515880839857,0.01322414404873,differential_evolution,2.9808669090271,0.000298056885214,10001,5,23,13,Success!,768,0.1
769,0.43788356282571,0.951174218677143,0.099224665944531,differential_evolution,5.11179447174072,0.000511128334341,10001,5,27,24,Success!,769,0.1
770,0.551863314233972,0.960508675339579,0.055340357936839,differential_evolution,4.54253435134888,0.000454208014333,10001,4,16,14,Success!,770,0.1
771,0.531084847989779,0.996368615933991,0.024770027171843,differential_evolution,1.99476432800293,0.000199456487152,10001,3,8,6,Success!,771,0.1
772,0.187399092839746,0.946919251851532,0.002305492339809,differential_evolution,3.08440542221069,0.000308409701251,10001,4,9,7,Success!,772,0.1
776,0.467296058208086,0.868361740221884,0.175014128930467,differential_evolution,0.940465450286865,0.000162065388642,5803,2,7,4,Success!,776,0.1
777,0.243665194211914,0.4995993143723,0.002611474042883,differential_evolution,1.76985907554626,0.000176968210734,10001,3,9,8,Success!,777,0.1
778,0.413849708774184,0.99378772240217,0.001000454851379,differential_evolution,0.541703939437866,0.000199743340501,2712,3,14,8,Success!,778,0.1
779,0.397772268010587,0.957411275315916,0.007634673666436,differential_evolution,3.39432549476624,0.000339398609616,10001,6,44,25,Success!,779,0.1
780,0.563024389043127,0.999944950824556,0.03730413208796,differential_evolution,2.00496864318848,0.000200476816637,10001,4,15,12,Success!,780,0.1
781,0.535107228180979,0.998970106882987,0.066130962254256,differential_evolution,1.81566905975342,0.0001815487511,10001,3,10,8,Success!,781,0.1
782,0.323590325817802,0.736190982892318,0.011576982565251,differential_evolution,1.2672290802002,0.000160652773859,7888,2,6,5,Success!,782,0.1
783,0.140262198733889,0.49439475627614,0.006019091929837,differential_evolution,2.0820791721344,0.000208187098504,10001,3,8,8,Success!,783,0.1
785,0.254312595324827,0.597564772797126,0.018430890485214,differential_evolution,0.23664116859436,0.000245478390658,964,2,3,5,Success!,785,0.1
786,0.408230545339656,0.966978077463234,0.000230678368418,differential_evolution,2.68235540390015,0.000347275427745,7724,15,35,32,Success!,786,0.1
787,0.132105995833433,0.499977033357254,0.000116234098264,differential_evolution,0.384182453155518,0.000176554436193,2176,2,6,4,Success!,787,0.1
788,0.433621392788596,0.999984173532257,0.010384678231565,differential_evolution,4.66747093200684,0.000466700423158,10001,8,21,22,Success!,788,0.1
789,0.55536222970255,0.706356951695381,0.356194583302224,differential_evolution,0.361926555633545,0.000193958497124,1866,3,8,5,Success!,789,0.1
790,0.451745338401193,0.915173878935985,0.038685644766248,differential_evolution,2.35486388206482,0.000235462841922,10001,4,18,14,Success!,790,0.1
791,0.272902019687087,0.9999586472828,0.001540935655268,differential_evolution,2.6791615486145,0.000267889365925,10001,5,13,11,Success!,791,0.1
792,0.396030115961868,0.894509041656107,0.049545790875207,differential_evolution,2.67928981781006,0.000267902191562,10001,6,27,14,Success!,792,0.1
793,0.149413475607045,0.389274143283848,0.036007909675858,differential_evolution,0.330507040023804,0.000161144339358,2051,2,4,5,Success!,793,0.1
794,0.49688759896975,0.999955952375011,0.021660390104951,differential_evolution,4.23677730560303,0.000423635367024,10001,16,33,32,Success!,794,0.1
795,0.270415436798177,0.672711421520695,0.008137192080991,differential_evolution,0.435753345489502,0.000171421457706,2542,2,6,6,Success!,795,0.1
796,0.355665688330056,0.99999998088831,0.045805665773521,differential_evolution,2.48955607414246,0.000248930714343,10001,5,27,13,Success!,796,0.1
797,0.286066943308046,0.999818437750056,0.018638226667816,differential_evolution,2.42638874053955,0.000242614612593,10001,4,19,12,Success!,797,0.1
798,0.143523036209382,0.49998952846475,0.006715691327052,differential_evolution,2.33210301399231,0.000233186982701,10001,5,14,9,Success!,798,0.1
799,0.256955933847957,0.580771550386133,0.100421079175908,differential_evolution,1.60528802871704,0.000160512751597,10001,2,6,4,Success!,799,0.1
800,0.458962948913595,0.951918130334278,0.00866078449047,differential_evolution,1.7323203086853,0.000173214709398,10001,3,10,6,Success!,800,0.1
801,0.27139633053873,0.948628864956785,0.028098276982668,differential_evolution,7.24727344512939,0.000724654879025,10001,4,17,13,Success!,801,0.1
802,0.418773394300184,0.787727180946162,0.118100021801146,differential_evolution,1.41506314277649,0.000257987810898,5485,4,11,8,Success!,802,0.1
803,0.151949280870024,0.9623380086157,0.001937799298542,differential_evolution,2.03511571884155,0.000355416646672,5726,9,10,8,Success!,803,0.1
804,0.49327489379504,0.945387008228996,0.047615754415865,differential_evolution,1.98000550270081,0.000197980752195,10001,3,20,6,Success!,804,0.1
805,0.536216823300038,0.986757865845189,0.008078527876626,differential_evolution,2.9358024597168,0.000293550890883,10001,4,12,10,Success!,805,0.1
806,0.463855251759412,0.978475691541075,0.044375493680836,differential_evolution,3.17852997779846,0.000317821215658,10001,6,32,25,Success!,806,0.1
807,0.578930247030989,0.983157890593645,0.095600230508542,differential_evolution,1.87284684181213,0.000187265957585,10001,3,28,15,Success!,807,0.1
808,0.377015040538873,0.980033129769888,0.008595014610952,differential_evolution,3.11247253417969,0.000311216131805,10001,6,38,15,Success!,808,0.1
811,0.369460613276482,0.982162591006308,0.005548139650779,differential_evolution,2.70798182487488,0.000270771105377,10001,6,52,29,Success!,811,0.1
812,0.380899687899956,0.964183862612161,0.005232599977467,differential_evolution,1.67600536346436,0.0002576091859,6506,4,16,9,Success!,812,0.1
813,0.256235295721536,0.709245662517928,0.004432385362554,differential_evolution,1.04715085029602,0.000227049186968,4612,3,12,8,Success!,813,0.1
816,0.242662276315075,0.694071633551376,0.039405331971943,differential_evolution,4.13800573348999,0.000413759197429,10001,6,18,16,Success!,816,0.1
817,0.076918018686422,0.280999761615319,0.006855764429216,differential_evolution,4.10998940467835,0.000410957844683,10001,6,15,13,Success!,817,0.1
818,0.353383772568548,0.862684761196986,0.003802858248265,differential_evolution,9.84632754325867,0.000984534300896,10001,10,18,10,Success!,818,0.1
823,0.497780690927334,0.999998965437059,0.003599594120509,differential_evolution,4.69489359855652,0.000469442415614,10001,16,38,18,Success!,823,0.1
832,0.395718894256043,0.998238235343001,0.002995468766724,differential_evolution,23.0897386074066,0.002308742986442,10001,20,61,26,Success!,832,0.1
834,0.108697899714921,0.960039951016532,0.000127609351966,differential_evolution,20.5615167617798,0.00205594608157,10001,75,29,134,Success!,834,0.1
835,0.497848938374721,0.999999987247482,0.005762486247586,differential_evolution,21.7101862430572,0.002491700475503,8713,31,140,37,Success!,835,0.1
837,0.316834673933866,0.941169893956617,0.007078661581862,differential_evolution,2.91560411453247,0.000291531258327,10001,8,22,17,Success!,837,0.1
838,0.308641292914297,0.499984044067266,0.079223761053954,differential_evolution,1.86699819564819,0.00018668115145,10001,3,8,6,Success!,838,0.1
839,0.287176156752807,0.999980623269047,0.002993646304483,differential_evolution,3.65376877784729,0.00036534034375,10001,8,29,20,Success!,839,0.1
840,0.370107822958812,0.904063175772904,0.019782903405191,differential_evolution,1.77515554428101,0.00022351492625,7942,5,10,11,Success!,840,0.1
841,0.443188499936629,0.999393670376617,0.006552840704627,differential_evolution,3.12109994888306,0.00031207878701,10001,4,15,11,Success!,841,0.1
842,0.444060322368355,0.999999998849349,0.008681312766104,differential_evolution,5.80075812339783,0.000580017810559,10001,18,35,26,Success!,842,0.1
845,0.467632488387806,0.721303257052965,0.073868995106581,differential_evolution,2.24769306182861,0.0002247468315,10001,3,12,7,Success!,845,0.1
846,0.431931161496794,0.975499307736001,0.024061905793703,differential_evolution,0.894776344299316,0.000186878935735,4788,3,12,7,Success!,846,0.1
847,0.422467996333201,0.998046016273671,0.067703738078655,differential_evolution,3.29999423027039,0.000329966426384,10001,4,17,6,Success!,847,0.1
848,0.310388494889061,0.999999975844492,0.000324072926417,differential_evolution,4.4794294834137,0.000447898158526,10001,9,28,21,Success!,848,0.1
849,0.470910775540221,0.999899901984571,0.05283700953437,differential_evolution,13.546707868576,0.001354535333324,10001,13,72,23,Success!,849,0.1
850,0.005848164680677,0.007794389519533,0.002128699924981,differential_evolution,0.645032644271851,0.000180630816094,3571,3,4,4,Success!,850,0.1
851,0.268745731667745,0.987402092138409,0.0002544490497,differential_evolution,2.33454298973083,0.000233430955877,10001,5,17,4,Success!,851,0.1
852,0.37796242495175,0.892372947677705,0.113156356964262,differential_evolution,4.1366457939148,0.00041362321707,10001,6,35,15,Success!,852,0.1
853,0.422168299921154,0.999999988322844,0.000670930833657,differential_evolution,3.07838535308838,0.000307807754533,10001,9,31,21,Success!,853,0.1
854,0.012280532446296,0.053519564590454,0.000126729729378,differential_evolution,0.689560174942017,0.000229318315578,3007,4,9,7,Success!,854,0.1
855,0.368898459032591,0.999619371031872,0.017282465740677,differential_evolution,3.77563095092773,0.000377525342559,10001,4,39,12,Success!,855,0.1
858,0.392373611587335,0.993301425030875,0.026849239703877,differential_evolution,7.6885097026825,0.000768774092859,10001,8,35,20,Success!,858,0.1
860,0.349324272063236,0.767018684805717,0.050272634705233,differential_evolution,0.028882265090942,0.000183963471917,157,3,5,5,Success!,860,0.1
861,0.466384838307289,1,0.001540492156687,differential_evolution,3.33598756790161,0.000717262431284,4651,26,32,36,Success!,861,0.1
862,0.310312834179336,0.934210187340513,0.000758062046848,differential_evolution,1.39803171157837,0.000264578295151,5284,8,11,11,Success!,862,0.1
863,0.425267963011173,0.999952771565132,0.000479389962412,differential_evolution,3.41086626052856,0.000341052520801,10001,6,27,13,Success!,863,0.1
864,0.725731432871656,0.988515033837851,0.08421734273256,differential_evolution,0.058005332946777,0.000206424672408,281,6,9,9,Success!,864,0.1
865,0.3540373041392,0.997290969017368,0.000395029398251,differential_evolution,6.78824687004089,0.000678756811323,10001,4,58,8,Success!,865,0.1
871,0.000282055079926,0.000282055079926,0.000282055079926,differential_evolution,0.039244174957275,0.000272528992759,144,8,1,13,Success!,871,0.1
872,0.370105672516652,0.999765071113725,0.004285568083827,differential_evolution,1.82541251182556,0.000248220357877,7354,7,10,18,Success!,872,0.1
875,0.169606302450442,0.41767447775048,0.01168322458183,differential_evolution,2.27140188217163,0.00022711747647,10001,4,8,8,Success!,875,0.1
876,0.277974915752359,0.879952724720706,0.004904294662465,differential_evolution,3.13308668136597,0.000313277340403,10001,4,11,9,Success!,876,0.1
877,0.2875939174462,0.935986763287499,0.017383428340822,differential_evolution,2.4006028175354,0.000240036278126,10001,4,12,9,Success!,877,0.1
878,0.283063882881054,0.999999979364978,0.015988405230311,differential_evolution,1.99747180938721,0.000199727208218,10001,3,13,6,Success!,878,0.1
879,0.403016876396748,0.885508331357639,0.058638034976349,differential_evolution,3.2225821018219,0.000322225987583,10001,3,18,11,Success!,879,0.1
880,0.369929577356001,0.653191365382295,0.105905616411481,differential_evolution,0.461618661880493,0.000206911099005,2231,4,14,11,Success!,880,0.1
881,0.449071587115683,0.929147024228958,0.05122436536059,differential_evolution,2.5466194152832,0.000254636477881,10001,4,27,10,Success!,881,0.1
882,0.072244585824744,0.398991869482364,1.73235701780641E-05,differential_evolution,2.40434432029724,0.000240410390991,10001,4,8,8,Success!,882,0.1
884,0.34403418777424,0.572914644902595,0.081598514965002,differential_evolution,3.73293256759644,0.000373255931167,10001,3,9,6,Success!,884,0.1
886,0.447176244080436,0.999855141085344,0.021948569427788,differential_evolution,3.70701360702515,0.000370664294273,10001,5,18,10,Success!,886,0.1
887,0.1266469960621,0.790196917672692,0.000189542831875,differential_evolution,1.99245953559876,0.000199226030957,10001,4,10,10,Success!,887,0.1
888,0.320857390541224,0.959157883651768,0.006336706722851,differential_evolution,2.51801419258118,0.000251776241634,10001,4,21,8,Success!,888,0.1
889,0.328650166060167,0.999999995618378,0.005737899193355,differential_evolution,9.69088292121887,0.000968991392983,10001,12,50,20,Success!,889,0.1
890,0.500228435480329,0.966919699867858,0.025931832254594,differential_evolution,0.49548077583313,0.000178873926294,2770,3,11,6,Success!,890,0.1
891,0.319325960734824,0.848130698655504,0.007539805592541,differential_evolution,1.98776316642761,0.000198756440999,10001,3,12,6,Success!,891,0.1
892,0.642430485891266,0.974795806149461,0.162432568320261,differential_evolution,2.59774279594421,0.000259748304764,10001,4,11,8,Success!,892,0.1
893,0.131677839061486,0.411096890373232,0.009598765718243,differential_evolution,4.73535418510437,0.000559866893486,8458,3,5,6,Success!,893,0.1
896,0.34416402444043,0.999999035458898,0.005404118032737,differential_evolution,3.2585015296936,0.000325817571212,10001,9,18,15,Success!,896,0.1
897,0.328372565051588,0.487331322099596,0.050423834325319,differential_evolution,1.66435670852661,0.00016641902895,10001,2,10,4,Success!,897,0.1
900,0.401750335631726,0.999999746453189,0.141083887538877,differential_evolution,2.14715218544006,0.000214693749169,10001,3,10,6,Success!,900,0.1
902,0.04511659929607,0.172018487870632,0.000792441263596,differential_evolution,3.21532154083252,0.000321500004083,10001,4,9,7,Success!,902,0.1
903,0.471850124261454,0.881656807222444,0.017558194924693,differential_evolution,2.81656289100647,0.000281628126288,10001,5,28,10,Success!,903,0.1
904,0.260029298748111,0.626675306815076,0.001580552941221,differential_evolution,2.5196897983551,0.000251943785457,10001,4,19,7,Success!,904,0.1
905,0.341820420007906,0.999993958959201,0.00608027748781,differential_evolution,2.70874166488647,0.00027084708178,10001,5,15,10,Success!,905,0.1
906,0.11815343608539,0.40557467544857,0.003011218220753,differential_evolution,2.0094838142395,0.000200928288595,10001,3,9,6,Success!,906,0.1
908,0.423252384155399,0.987309890985485,0.002622628650307,differential_evolution,3.59201240539551,0.000359165324007,10001,7,43,13,Success!,908,0.1
909,0.314644737532674,0.930558895119702,0.015856908547665,differential_evolution,2.313880443573,0.000231364907867,10001,4,17,8,Success!,909,0.1
910,0.550298115432022,0.96857028216526,0.164540967183534,differential_evolution,1.9634211063385,0.000196322478386,10001,3,10,5,Success!,910,0.1
911,0.283720441306401,0.778993481334787,0.033617816317445,differential_evolution,2.10483837127686,0.000210462790849,10001,3,9,6,Success!,911,0.1
912,0.343696272277912,0.998269338594685,0.000777494522083,differential_evolution,1.51131439208984,0.000256589879812,5890,3,14,6,Success!,912,0.1
913,0.376000000655726,0.997994834779197,0.016004917491189,differential_evolution,4.10137438774109,0.000410096429131,10001,6,34,12,Success!,913,0.1
914,0.225608229743847,0.90828058092982,0.000703244768066,differential_evolution,1.2527437210083,0.000233895392272,5356,5,10,9,Success!,914,0.1
916,0.010817269098362,0.027155645109476,0.001745272768071,differential_evolution,1.00506973266602,0.000335919028297,2992,5,5,4,Success!,916,0.1
918,0.368776145954611,0.999521018784547,0.006243437715975,differential_evolution,5.48946642875671,0.0005488917537,10001,8,25,7,Success!,918,0.1
919,0.259835837138745,0.518091863533678,0.024965973349492,differential_evolution,2.08472347259521,0.000208451502109,10001,2,9,5,Success!,919,0.1
921,0.258442034136244,0.861220034213375,0.000296840820325,differential_evolution,4.253573179245,0.000425314786446,10001,5,24,13,Success!,921,0.1
922,0.272945714889054,0.735033395420542,0.016876411077774,differential_evolution,2.02150511741638,0.000202130298712,10001,3,9,3,Success!,922,0.1
927,0.393659044221759,0.987545387551889,0.008694126742685,differential_evolution,3.70262169837952,0.000370225147323,10001,10,19,16,Success!,927,0.1
928,0.302436288198506,0.927072346601299,0.00059632415285,differential_evolution,2.55856895446777,0.000255831312316,10001,4,14,13,Success!,928,0.1
929,0.341046077831438,0.753716303562919,0.008457620060536,differential_evolution,2.64493370056152,0.000264466923364,10001,5,39,24,Success!,929,0.1
930,0.400923852909336,0.946837814540009,0.026190827711715,differential_evolution,2.18477177619934,0.000218455332087,10001,4,17,14,Success!,930,0.1
931,0.419249764704447,0.815637729022005,0.003345516275252,differential_evolution,3.76329851150513,0.000376292221928,10001,3,22,6,Success!,931,0.1
933,0.469654643063203,0.745291841091273,0.020579423024122,differential_evolution,0.700543165206909,0.000340731111482,2056,3,14,3,Success!,933,0.1
934,0.256031871091373,0.499999996713665,0.001473404937767,differential_evolution,4.07093453407288,0.000407052748132,10001,13,23,19,Success!,934,0.1
935,0.309052115038044,0.998461449932085,0.001161191548292,differential_evolution,2.81582760810852,0.00028155460535,10001,2,8,4,Success!,935,0.1
936,0.206080273417521,0.499999996172351,0.000158256382481,differential_evolution,0.648851871490479,0.000173443429963,3741,1,4,2,Success!,936,0.1
937,0.280767067764099,0.807798485606441,0.002232865269571,differential_evolution,3.87806344032288,0.000387767567276,10001,3,12,6,Success!,937,0.1
938,0.287805714392057,0.977490304063596,0.001421481441108,differential_evolution,2.40910220146179,0.000240886131533,10001,3,12,8,Success!,938,0.1
939,0.439243968587775,0.999990203461968,0.000402943748351,differential_evolution,23.4749591350555,0.002347261187387,10001,54,138,126,Success!,939,0.1
940,0.334491135608323,0.999754260290235,0.001296682472525,differential_evolution,6.32660269737244,0.000632597010036,10001,20,40,60,Success!,940,0.1
941,0.334415962666081,0.999999996184209,0.00030755958286,differential_evolution,3.85189867019653,0.000385151351884,10001,8,22,12,Success!,941,0.1
942,0.291081511640735,0.999999932348591,0.002774109341444,differential_evolution,3.18078827857971,0.000318047023156,10001,7,27,15,Success!,942,0.1
944,0.43484363046648,0.999801540122045,0.007448795608594,differential_evolution,3.08823251724243,0.000308792372487,10001,3,15,6,Success!,944,0.1
948,0.18429820396459,0.852697491356367,0.00098852846177,differential_evolution,1.00598788261414,0.00035813025369,2809,4,6,6,Success!,948,0.1
951,0.443843849193612,0.998118988882908,0.012555201387132,differential_evolution,5.55400729179382,0.00055534519466,10001,34,61,33,Success!,951,0.1
953,0.393686205751862,0.910713203484486,0.003254988602773,differential_evolution,6.4078893661499,0.000640724864129,10001,13,46,29,Success!,953,0.1
954,0.431499006351384,0.999986921096133,0.003377007707446,differential_evolution,6.016685962677,0.000601608435424,10001,18,53,36,Success!,954,0.1
955,0.317812679573719,0.98350098728993,0.023063321183494,differential_evolution,3.00382566452026,0.000300352531199,10001,8,28,13,Success!,955,0.1
956,0.554548383274993,0.999164057270241,0.000173957689986,differential_evolution,2.41517877578735,0.000241493728206,10001,3,36,2,Success!,956,0.1
957,0.001632195723159,0.002729362916302,0.001011420716581,differential_evolution,0.343470335006714,0.000193722693179,1773,4,3,3,Success!,957,0.1
958,0.220886309222104,0.999992733187342,1.26754067208491E-05,differential_evolution,3.19056296348572,0.000319024393909,10001,8,14,12,Success!,958,0.1
960,0.477571585980672,0.999999859678602,0.010941364551618,differential_evolution,6.99499082565308,0.000699429139651,10001,8,217,11,Success!,960,0.1
962,0.527999791258622,0.999809290499161,0.011585574384784,differential_evolution,3.85368227958679,0.000385329694989,10001,4,71,3,Success!,962,0.1
963,0.037682440044481,0.07390557440743,0.001459305681531,differential_evolution,0.083847045898438,0.000230349027194,364,3,5,2,Success!,963,0.1
964,0.306546001758717,0.998909060880492,0.005660800105865,differential_evolution,3.25416231155395,0.000325383692786,10001,6,15,14,Success!,964,0.1
965,0.357777972250654,0.992810353662927,0.002562908990987,differential_evolution,0.822736740112305,0.000360691249501,2281,4,17,8,Success!,965,0.1
966,0.107343232778645,0.384929578412516,0.002087765884833,differential_evolution,3.44528889656067,0.00041260944869,8350,7,7,6,Success!,966,0.1
967,0.393374795705895,0.928560655560471,0.120512261289346,differential_evolution,3.36799669265747,0.000336765992666,10001,4,10,9,Success!,967,0.1
968,0.529259559509786,0.997562493668798,0.001133007419881,differential_evolution,0.10088586807251,0.000312340148831,323,10,11,7,Success!,968,0.1
969,0.323070806036766,0.999328120572256,0.000368788278915,differential_evolution,6.8858380317688,0.000688514951682,10001,28,64,32,Success!,969,0.1
970,0.411744937388674,0.981760403358749,0.001570067196613,differential_evolution,2.16376614570618,0.000216354979073,10001,4,6,3,Success!,970,0.1
971,0.339039815793803,0.99999996060717,0.037938111693522,differential_evolution,2.84394216537476,0.000284365779959,10001,8,16,13,Success!,971,0.1
972,0.442485784582658,0.936540905581095,0.053595160905215,differential_evolution,2.98626327514648,0.000298596467868,10001,8,22,13,Success!,972,0.1
973,0.269321733516979,0.683360524198361,0.042209350664725,differential_evolution,0.806750059127808,0.000205961209887,3917,2,8,6,Success!,973,0.1
974,0.151118114130412,0.625577458554439,0.000378296762125,differential_evolution,0.588808059692383,0.000230814605916,2551,6,6,4,Success!,974,0.1
975,0.205350170191226,0.999980169019837,0.000423955516896,differential_evolution,11.0240867137909,0.001102298441535,10001,16,71,48,Success!,975,0.1
976,0.180237742769187,0.606637261067241,0.006913116959071,differential_evolution,0.715705871582031,0.000196406660698,3644,4,7,5,Success!,976,0.1
977,0.251871836533907,0.615103930378711,0.003331763871605,differential_evolution,2.43438982963562,0.000243414641499,10001,6,13,15,Success!,977,0.1
978,0.040491743819492,0.197359426206733,2.94426363842755E-10,differential_evolution,1.21270442008972,0.000217058245944,5587,4,7,3,Success!,978,0.1
979,0.230374064495629,0.428437219548924,0.064028638885231,differential_evolution,0.429923295974731,0.000207592127462,2071,5,6,4,Success!,979,0.1
980,0.320065115741258,0.910562941092244,0.06386240428383,differential_evolution,1.17253732681274,0.000215579578381,5439,5,13,4,Success!,980,0.1
981,0.601029141700332,0.994325931171208,0.070442777741473,differential_evolution,3.60585999488831,0.000360549944494,10001,9,17,15,Success!,981,0.1
982,0.000722284788568,0.000832032052837,0.000612537524299,differential_evolution,0.107136964797974,0.000171419143677,625,3,10,2,Success!,982,0.1
984,0.32064249755634,0.826267998732745,0.000116341033111,differential_evolution,0.60649299621582,0.000203794689589,2976,5,5,3,Success!,984,0.1
985,0.464677191456798,0.962185649435681,0.003998558762093,differential_evolution,4.83054375648499,0.000483006075041,10001,7,13,9,Success!,985,0.1
986,0.489076097185173,0.999999152057441,0.00068651946548,differential_evolution,0.835608720779419,0.000248619077887,3361,6,12,8,Success!,986,0.1
987,0.347452890457101,0.999952821123877,0.001494116951742,differential_evolution,1.43044090270996,0.000302738815388,4725,9,11,10,Success!,987,0.1
988,0.318294631216729,0.654716088872107,0.000933263049132,differential_evolution,3.24487853050232,0.000399812534562,8116,11,26,18,Success!,988,0.1
989,0.403001234535181,0.999939174786403,0.021807866275777,differential_evolution,12.4715240001678,0.001247027697247,10001,23,48,65,Success!,989,0.1
990,0.492323125878151,0.998099070188768,0.007935146948007,differential_evolution,12.3720560073853,0.001237081892549,10001,23,48,65,Success!,990,0.1
991,0.238254759109821,0.782720701314457,0.000451299273463,differential_evolution,2.60102438926697,0.000260076431284,10001,8,17,10,Success!,991,0.1
994,0.482238579956414,0.994223645572397,0.002888177213802,differential_evolution,4.66534948348999,0.000466488299519,10001,23,52,66,Success!,994,0.1
995,0.405551860050373,0.998576684952035,0.000681843624208,differential_evolution,4.64684844017029,0.000464638380179,10001,23,52,66,Success!,995,0.1
996,0.434459775283335,0.959336760726952,0.004825969630321,differential_evolution,4.61143636703491,0.000461097526951,10001,23,52,66,Success!,996,0.1
997,0.465013550166652,0.996889086020301,0.001298396131201,differential_evolution,13.3059577941895,0.001330462733146,10001,23,51,65,Success!,997,0.1
998,0.41597272947648,0.999999720546569,0.001765484475396,differential_evolution,15.2042059898376,0.001520268572127,10001,23,48,66,Success!,998,0.1
999,0.400551523092226,0.995541147422155,0.059049760769905,differential_evolution,14.3922832012177,0.001439084411681,10001,23,49,66,Success!,999,0.1
1000,0.514675837738494,0.999107988226386,0.010124195486523,differential_evolution,14.0201368331909,0.00140187349597,10001,23,49,66,Success!,1000,0.1
1001,0.424713302925436,0.999999909098808,0.005159782139138,differential_evolution,13.3664479255676,0.001336511141443,10001,23,49,66,Success!,1001,0.1
1002,0.402603836824347,0.999997422690832,0.022858316458493,differential_evolution,12.7231562137604,0.001272188402536,10001,23,48,66,Success!,1002,0.1
1003,0.421788190224526,0.999987839629972,0.003118259543978,differential_evolution,13.4625818729401,0.001346123574937,10001,23,49,66,Success!,1003,0.1
1006,0.610939382140132,0.976438958213114,0.145437462465123,differential_evolution,3.73484349250793,0.00037344700455,10001,7,27,21,Success!,1006,0.1
1007,0.347619087107574,0.80714774269394,0.060295689096361,differential_evolution,2.96228313446045,0.000296198693577,10001,3,32,6,Success!,1007,0.1
1008,0.398225565098745,0.919950532501473,0.040358942686899,differential_evolution,0.043569803237915,0.000155052680562,281,2,10,0,Success!,1008,0.1
1009,0.557243939864264,0.999998326740955,0.032203577480277,differential_evolution,3.31221270561218,0.000331188151746,10001,4,33,8,Success!,1009,0.1
1010,0.382700630144022,0.73881450529272,0.025351207114313,differential_evolution,2.24087429046631,0.000224065022544,10001,2,26,4,Success!,1010,0.1
1015,0.358146646518691,0.820477626735686,0.013773193023232,differential_evolution,3.83509755134583,0.000383471407994,10001,6,20,9,Success!,1015,0.1
1019,0.329687738215734,0.980419047527374,0.000922452274805,differential_evolution,0.396478414535522,0.000191720703354,2068,3,9,8,Success!,1019,0.1
1020,0.449984653152592,0.783083418929158,0.082167624467744,differential_evolution,0.400208234786987,0.000204919731074,1953,3,13,8,Success!,1020,0.1
1022,0.49702907133725,0.978666606067807,0.000868276798122,differential_evolution,0.441745281219482,0.000241919650175,1826,4,7,6,Success!,1022,0.1
1023,0.41893964831346,0.999999738854627,0.003459531159962,differential_evolution,2.48796415328979,0.000248771538175,10001,3,16,6,Success!,1023,0.1
1026,0.489244105902147,0.993613759804275,0.043392019795855,differential_evolution,1.87704420089722,0.000187685651525,10001,1,12,2,Success!,1026,0.1
1027,0.520187277623317,1,0.000123836157298,differential_evolution,9.59418749809265,0.000959322817528,10001,20,80,33,Success!,1027,0.1
1028,0.45458000549512,0.995382599773018,0.000502926597896,differential_evolution,8.57309126853943,0.000857223404513,10001,21,94,35,Success!,1028,0.1
1029,0.462348936513046,0.996017500868122,0.008454618272569,differential_evolution,8.7289617061615,0.000872808889727,10001,21,94,35,Success!,1029,0.1
1030,0.749957343491389,0.999914687171491,0.499999999811287,differential_evolution,1.7224977016449,0.00017223254691,10001,2,6,6,Success!,1030,0.1
1033,0.397620401278786,0.999763005070072,0.002410590065615,differential_evolution,3.01157259941101,0.000301127147226,10001,6,31,13,Success!,1033,0.1
1034,0.212020950934451,0.999993544835852,0.001352540253927,differential_evolution,2.39049029350281,0.000239025126838,10001,4,12,7,Success!,1034,0.1
1036,0.350715421469025,0.999999786630495,0.006755510391558,differential_evolution,2.17912578582764,0.000217890789504,10001,3,13,6,Success!,1036,0.1
1039,0.465375156734278,0.998288719967519,0.02899712560071,differential_evolution,12.35671043396,0.001235547488647,10001,20,80,33,Success!,1039,0.1
1040,0.556323694408953,0.950723797485889,0.326181904583581,differential_evolution,1.86335229873657,0.000186316598214,10001,1,11,2,Success!,1040,0.1
1041,0.230581577767396,0.999471109725445,0.016945977567726,differential_evolution,2.16093611717224,0.000216072004517,10001,3,10,4,Success!,1041,0.1
1042,0.356780250793886,0.985424274592199,0.00158698439237,differential_evolution,4.92313122749329,0.00049226389636,10001,6,32,12,Success!,1042,0.1
1043,0.261019506258781,0.999989556594275,0.020028945048968,differential_evolution,0.456847906112671,0.000189327768799,2413,3,9,7,Success!,1043,0.1
1047,0.184890349326959,0.847827046201701,0.00027050756125,differential_evolution,2.59540343284607,0.000259514391845,10001,4,14,8,Success!,1047,0.1
1048,0.536715006254422,0.964350559276732,0.105641809097039,differential_evolution,2.15183115005493,0.000215161598846,10001,3,11,6,Success!,1048,0.1
1052,0.36803092773059,0.814298437146067,0.010316491204037,differential_evolution,2.45318460464478,0.000245293931071,10001,3,16,14,Success!,1052,0.1
1054,0.500392661495146,0.994673571590684,0.022323118193419,differential_evolution,3.42927718162537,0.00034289342882,10001,7,11,11,Success!,1054,0.1
1056,0.195737900686375,0.904306713356084,0.000883914909879,differential_evolution,0.339807748794556,0.000184377508841,1843,3,9,5,Success!,1056,0.1
1057,0.166980743248605,0.42859916484558,0.005304789629535,differential_evolution,1.40041828155518,0.000232241837737,6030,2,7,5,Success!,1057,0.1
1058,0.426993514360872,0.996282317719093,0.011858747889394,differential_evolution,6.61481165885925,0.000661415024383,10001,10,48,20,Success!,1058,0.1
1059,0.267711349598468,0.998669869238475,0.00667528441742,differential_evolution,3.36717700958252,0.000336684032555,10001,10,23,21,Success!,1059,0.1
1060,0.389212527369456,0.999908769221109,0.002487876521673,differential_evolution,3.07082653045654,0.000307051947851,10001,2,20,7,Success!,1060,0.1
